"PERSON";"REG_ADDR_KOATUU";"OPER_CODE";"OPER_NAME";"D_REG";"DEP_CODE";"DEP";"BRAND";"MODEL";"VIN";"MAKE_YEAR";"COLOR";"KIND";"BODY";"PURPOSE";"FUEL";"CAPACITY";"OWN_WEIGHT";"TOTAL_WEIGHT";"N_REG_NEW"
"P";"6310138200";"254";"НАЛЕЖНИЙ КОРИСТУВАЧ. РЕЄСТРАЦІЯ";01.01.25;10000;"OLD_ДДАІ МВС УКРАЇНИ";"LEXUS";"IS 250";"JTHCK262882026114";2008;"ЧЕРВОНИЙ";"ЛЕГКОВИЙ";"СЕДАН";"ЗАГАЛЬНИЙ";"БЕНЗИН";2499;2075;2575;"АХ1312КК"
"P";"3222486201";"254";"НАЛЕЖНИЙ КОРИСТУВАЧ. РЕЄСТРАЦІЯ";01.01.25;10000;"OLD_ДДАІ МВС УКРАЇНИ";"MG";"350";"LSJA16E34EG012544";2014;"ЧОРНИЙ";"ЛЕГКОВИЙ";"СЕДАН";"ЗАГАЛЬНИЙ";"БЕНЗИН";1498;1265;1640;"АІ9214СІ"
"P";"3521485801";"254";"НАЛЕЖНИЙ КОРИСТУВАЧ. РЕЄСТРАЦІЯ";01.01.25;10000;"OLD_ДДАІ МВС УКРАЇНИ";"SKODA";"SUPERB";"TMBCR63U789012741";2007;"ЧОРНИЙ";"ЛЕГКОВИЙ";"СЕДАН";"ЗАГАЛЬНИЙ";"ДИЗЕЛЬНЕ ПАЛИВО";1968;1593;2103;"АХ1298ОА"
"P";"8000000000";"254";"НАЛЕЖНИЙ КОРИСТУВАЧ. РЕЄСТРАЦІЯ";01.01.25;10000;"OLD_ДДАІ МВС УКРАЇНИ";"TOYOTA";"RAV-4 HYBRID";"JTMW23FVX0D106165";2021;"БІЛИЙ";"ЛЕГКОВИЙ";"УНІВЕРСАЛ";"ЗАГАЛЬНИЙ";"ЕЛЕКТРО АБО БЕНЗИН";2487;1755;2135;"КА5010НС"
"P";"5120410100";"254";"НАЛЕЖНИЙ КОРИСТУВАЧ. РЕЄСТРАЦІЯ";01.01.25;10000;"OLD_ДДАІ МВС УКРАЇНИ";"RENAULT";"KANGOO";"VF1KW28B551509043";2014;"БІЛИЙ";"ЛЕГКОВИЙ";"УНІВЕРСАЛ";"ЗАГАЛЬНИЙ";"ДИЗЕЛЬНЕ ПАЛИВО";1461;1395;1950;"НН1103АС"
"P";"8036300000";"254";"НАЛЕЖНИЙ КОРИСТУВАЧ. РЕЄСТРАЦІЯ";01.01.25;10000;"OLD_ДДАІ МВС УКРАЇНИ";"CHEVROLET";"ORLANDO";"KL1YA75Y9CK685413";2012;"БІЛИЙ";"ЛЕГКОВИЙ";"УНІВЕРСАЛ";"ЗАГАЛЬНИЙ";"ДИЗЕЛЬНЕ ПАЛИВО";1998;1734;2291;"КА0742ЕА"
"P";"4623683701";"254";"НАЛЕЖНИЙ КОРИСТУВАЧ. РЕЄСТРАЦІЯ";01.01.25;10000;"OLD_ДДАІ МВС УКРАЇНИ";"NISSAN";"LEAF";"1N4AZ1CP7KC311389";2019;"ЧЕРВОНИЙ";"ЛЕГКОВИЙ";"ХЕТЧБЕК";"ЗАГАЛЬНИЙ";"ЕЛЕКТРО";;1650;2040;"ВС3126YВ"
"P";"8039100000";"254";"НАЛЕЖНИЙ КОРИСТУВАЧ. РЕЄСТРАЦІЯ";01.01.25;10000;"OLD_ДДАІ МВС УКРАЇНИ";"RENAULT";"MEGANE";"VF1KZ140652870429";2015;"СІРИЙ";"ЛЕГКОВИЙ";"УНІВЕРСАЛ";"ЗАГАЛЬНИЙ";"ДИЗЕЛЬНЕ ПАЛИВО";1461;1383;1864;"АА8170РР"
"P";"8038500000";"254";"НАЛЕЖНИЙ КОРИСТУВАЧ. РЕЄСТРАЦІЯ";01.01.25;10000;"OLD_ДДАІ МВС УКРАЇНИ";"TOYOTA";"PROACE VERSO";"YARVEAHXVGZ199518";2021;"БІЛИЙ";"ЛЕГКОВИЙ";"ПАСАЖИРСЬКИЙ";"ЗАГАЛЬНИЙ";"ДИЗЕЛЬНЕ ПАЛИВО";1997;1806;3000;"КА1370КН"
"P";"1210100000";"254";"НАЛЕЖНИЙ КОРИСТУВАЧ. РЕЄСТРАЦІЯ";01.01.25;10000;"OLD_ДДАІ МВС УКРАЇНИ";"VOLKSWAGEN";"TIGUAN";"WVGZZZ5NZHW377637";2016;"КОРИЧНЕВИЙ";"ЛЕГКОВИЙ";"УНІВЕРСАЛ";"ЗАГАЛЬНИЙ";"БЕНЗИН";1390;1750;2260;"АЕ2045ІВ"
"P";"4810100000";"284";"НАЛЕЖНИЙ КОРИСТУВАЧ. ВИКЛЮЧЕННЯ ВІДОМОСТЕЙ";01.01.25;10000;"OLD_ДДАІ МВС УКРАЇНИ";"AUDI";"Q5";"WAUZZZFY2J2111652";2017;"ЧОРНИЙ";"ЛЕГКОВИЙ";"УНІВЕРСАЛ";"ЗАГАЛЬНИЙ";"ДИЗЕЛЬНЕ ПАЛИВО";2967;1945;2550;"ВЕ1618ЕР"
"P";"2625885501";"254";"НАЛЕЖНИЙ КОРИСТУВАЧ. РЕЄСТРАЦІЯ";01.01.25;10000;"OLD_ДДАІ МВС УКРАЇНИ";"AUDI";"A4";"WAUZZZ8E83A022471";2002;"СІРИЙ";"ЛЕГКОВИЙ";"УНІВЕРСАЛ";"ЗАГАЛЬНИЙ";"БЕНЗИН";1595;1425;1900;"АТ7484ЕО"
"P";"2310137300";"254";"НАЛЕЖНИЙ КОРИСТУВАЧ. РЕЄСТРАЦІЯ";01.01.25;10000;"OLD_ДДАІ МВС УКРАЇНИ";"MERCEDES-BENZ";"VITO 112 CDI";"VSA63809413206336";1999;"БІЛИЙ";"ЛЕГКОВИЙ";"ПАСАЖИРСЬКИЙ";"ЗАГАЛЬНИЙ";"ДИЗЕЛЬНЕ ПАЛИВО";2151;1700;2700;"АР0790НХ"
"P";"2110400000";"284";"НАЛЕЖНИЙ КОРИСТУВАЧ. ВИКЛЮЧЕННЯ ВІДОМОСТЕЙ";01.01.25;10000;"OLD_ДДАІ МВС УКРАЇНИ";"SKODA";"OCTAVIA A7";"TMBJJ7NE0F0250071";2015;"СІРИЙ";"ЛЕГКОВИЙ";"УНІВЕРСАЛ";"ЗАГАЛЬНИЙ";"ДИЗЕЛЬНЕ ПАЛИВО";1968;1372;1942;"АО2627СЕ"
"P";"4423110100";"254";"НАЛЕЖНИЙ КОРИСТУВАЧ. РЕЄСТРАЦІЯ";01.01.25;10000;"OLD_ДДАІ МВС УКРАЇНИ";"SUBARU";"OUTBACK";"4S4BTANC5L3160771";2019;"ЧЕРВОНИЙ";"ЛЕГКОВИЙ";"УНІВЕРСАЛ";"ЗАГАЛЬНИЙ";"БЕНЗИН";2498;1615;2200;"ВО7878ЕВ"
"P";"1810400000";"254";"НАЛЕЖНИЙ КОРИСТУВАЧ. РЕЄСТРАЦІЯ";01.01.25;10000;"OLD_ДДАІ МВС УКРАЇНИ";"FORD";"ESCAPE";"1FMCU0F73FUB88841";2015;"ЧОРНИЙ";"ЛЕГКОВИЙ";"УНІВЕРСАЛ";"ЗАГАЛЬНИЙ";"БЕНЗИН";2488;1721;2096;"АІ7748РН"
"P";"1413390005";"284";"НАЛЕЖНИЙ КОРИСТУВАЧ. ВИКЛЮЧЕННЯ ВІДОМОСТЕЙ";01.01.25;10000;"OLD_ДДАІ МВС УКРАЇНИ";"AUDI";"Q7";"WA1VAAF72KD021421";2019;"ЧОРНИЙ";"ЛЕГКОВИЙ";"УНІВЕРСАЛ";"ЗАГАЛЬНИЙ";"БЕНЗИН";2995;2045;2910;"ВХ8513НН"
"P";"8038600000";"254";"НАЛЕЖНИЙ КОРИСТУВАЧ. РЕЄСТРАЦІЯ";01.01.25;10000;"OLD_ДДАІ МВС УКРАЇНИ";"SUBARU";"LEGACY";"JF1BL5LL54G005500";2004;"СІРИЙ";"ЛЕГКОВИЙ";"СЕДАН";"ЗАГАЛЬНИЙ";"БЕНЗИН АБО ГАЗ";1994;1410;1900;"КА9833НХ"
"P";"5310400000";"254";"НАЛЕЖНИЙ КОРИСТУВАЧ. РЕЄСТРАЦІЯ";01.01.25;10000;"OLD_ДДАІ МВС УКРАЇНИ";"SEAT";"LEON";"VSSZZZ1PZ6R004033";2005;"СІРИЙ";"ЛЕГКОВИЙ";"ХЕТЧБЕК";"ЗАГАЛЬНИЙ";"БЕНЗИН";1984;1335;1830;"ВІ9964ЕТ"
"P";"1412337200";"284";"НАЛЕЖНИЙ КОРИСТУВАЧ. ВИКЛЮЧЕННЯ ВІДОМОСТЕЙ";01.01.25;10000;"OLD_ДДАІ МВС УКРАЇНИ";"HYUNDAI";"SONATA";"KMHEC41LBCA456001";2012;"СІРИЙ";"ЛЕГКОВИЙ";"СЕДАН";"ЗАГАЛЬНИЙ";"ГАЗ";1999;1428;1850;"ВА4537ЕР"
"P";"1210100000";"254";"НАЛЕЖНИЙ КОРИСТУВАЧ. РЕЄСТРАЦІЯ";01.01.25;10000;"OLD_ДДАІ МВС УКРАЇНИ";"FORD";"FUSION";"3FA6P0H76JR117628";2017;"СІРИЙ";"ЛЕГКОВИЙ";"СЕДАН";"ЗАГАЛЬНИЙ";"БЕНЗИН АБО ГАЗ";2488;1690;2009;"АЕ2539ХЕ"
"P";"2320982201";"410";"ПЕРЕРЕЄСТРАЦІЯ ПРИ ЗАМІНІ НОМЕРНОГО ЗНАКУ";01.01.25;12267;"ТСЦ 2341";"PEUGEOT";"5008";"VF30E9HZHAS142044";2010;"СИНІЙ";"ЛЕГКОВИЙ";"УНІВЕРСАЛ";"ЗАГАЛЬНИЙ";"ДИЗЕЛЬНЕ ПАЛИВО";1560;1578;2250;"АР9820КЕ"
"P";"2625880201";"410";"ПЕРЕРЕЄСТРАЦІЯ ПРИ ЗАМІНІ НОМЕРНОГО ЗНАКУ";01.01.25;14808;"ТСЦ 2645";"CITROEN";"C3";"VF7SXHMZ6HT675855";2017;"БІЛИЙ";"ЛЕГКОВИЙ";"ХЕТЧБЕК";"ЗАГАЛЬНИЙ";"БЕНЗИН";1199;1055;1550;"АТ2289ІН"
"P";"4810200000";"105";"ПЕРВИННА РЕЄСТРАЦІЯ НОВОГО ТЗ ПРИДБАНОГО В ТОРГОВЕЛЬНІЙ ОРГАНІЗАЦІЇ, ЯКИЙ ВВЕЗЕНО З-ЗА КОРДОНУ";01.01.25;12318;"ТСЦ 4844";"LIFAN";"K-19";"LF3PDNEF6RA000042";2024;"ЧОРНИЙ";"МОТОЦИКЛ";"МОТОЦИКЛ";"ЗАГАЛЬНИЙ";"БЕНЗИН";249;166;316;"ВЕ3121JА"
"P";"7310136300";"410";"ПЕРЕРЕЄСТРАЦІЯ ПРИ ЗАМІНІ НОМЕРНОГО ЗНАКУ";01.01.25;12388;"ТСЦ 7341";"CITROEN";"JUMPY";"VF7VFAHKHJZ128022";2018;"БІЛИЙ";"ЛЕГКОВИЙ";"ПАСАЖИРСЬКИЙ";"ЗАГАЛЬНИЙ";"ДИЗЕЛЬНЕ ПАЛИВО";1997;2100;3100;"СЕ1303ЕХ"
"P";"4810100000";"431";"ПЕРЕРЕЄСТРАЦІЯ ТЗ ПРИ ВИДАЧІ ІНДИВІДУАЛЬНОГО НОМЕРНОГО ЗНАКУ";01.01.25;12315;"ТСЦ 4841";"MAZDA";"626";"JMZGD145201279159";1988;"ЧЕРВОНИЙ";"ЛЕГКОВИЙ";"ХЕТЧБЕК";"ЗАГАЛЬНИЙ";"БЕНЗИН";1998;1305;1840;"ВЕ7928НВ"
"P";"0724288207";"254";"НАЛЕЖНИЙ КОРИСТУВАЧ. РЕЄСТРАЦІЯ";01.01.25;10000;"OLD_ДДАІ МВС УКРАЇНИ";"RENAULT";"LAGUNA";"VF1KT3SJ648252141";2013;"ЧОРНИЙ";"ЛЕГКОВИЙ";"УНІВЕРСАЛ";"ЗАГАЛЬНИЙ";"ДИЗЕЛЬНЕ ПАЛИВО";1995;1505;2052;"АС8406ЕР"
"P";"1211000000";"431";"ПЕРЕРЕЄСТРАЦІЯ ТЗ ПРИ ВИДАЧІ ІНДИВІДУАЛЬНОГО НОМЕРНОГО ЗНАКУ";01.01.25;12537;"ТСЦ 1248";"VOLKSWAGEN";"ID.4";"LSVUB6E47N2043415";2022;"СІРИЙ";"ЛЕГКОВИЙ";"УНІВЕРСАЛ";"ЗАГАЛЬНИЙ";"ЕЛЕКТРО";;2130;2580;"АЕ1961ZА"
"P";"5310136400";"254";"НАЛЕЖНИЙ КОРИСТУВАЧ. РЕЄСТРАЦІЯ";01.01.25;10000;"OLD_ДДАІ МВС УКРАЇНИ";"SKODA";"FABIA";"TMBFC65J493161985";2009;"СИНІЙ";"ЛЕГКОВИЙ";"УНІВЕРСАЛ";"ЗАГАЛЬНИЙ";"БЕНЗИН АБО ГАЗ";1390;1195;1590;"ВІ6932НС"
"P";"2310136900";"254";"НАЛЕЖНИЙ КОРИСТУВАЧ. РЕЄСТРАЦІЯ";01.01.25;10000;"OLD_ДДАІ МВС УКРАЇНИ";"BMW";"320";"WBAAP71000PN45790";2004;"СІРИЙ";"ЛЕГКОВИЙ";"УНІВЕРСАЛ";"ЗАГАЛЬНИЙ";"БЕНЗИН";1995;1525;2025;"АР4800НХ"
"P";"0522280701";"105";"ПЕРВИННА РЕЄСТРАЦІЯ НОВОГО ТЗ ПРИДБАНОГО В ТОРГОВЕЛЬНІЙ ОРГАНІЗАЦІЇ, ЯКИЙ ВВЕЗЕНО З-ЗА КОРДОНУ";01.01.25;12229;"ТСЦ 0541";"SPARK";"SP150R-12S";"LNGPCKXJ1RL402652";2024;"СІРИЙ";"МОТОЦИКЛ";"МОТОЦИКЛ";"ЗАГАЛЬНИЙ";"БЕНЗИН";149;150;265;"АВ6692JА"
"P";"4620683201";"69";"РЕЄСТРАЦІЯ НОВИХ ТЗ ПО АКТУ ПРИЙОМУ-ПЕРЕДАЧІ (ДОД. 6)";01.01.25;12307;"ТСЦ 4641";"АМС";"500 СТАРКОНЬ";"Y9MAMC500R0028644";2024;"СИНІЙ";"ПРИЧІП";"ПР-БОРТОВИЙ";"ЗАГАЛЬНИЙ";"";;148;500;"ВС8681ХF"
"P";"1210400000";"70";"РЕЄСТРАЦIЯ Б/В ТЗ ПРИВЕЗЕНОГО З-ЗА КОРДОНУ ПО ВМД";01.01.25;12243;"ТСЦ 1244";"AUDI";"SQ5";"WA1B4AFY7N2030179";2021;"СІРИЙ";"ЛЕГКОВИЙ";"УНІВЕРСАЛ";"ЗАГАЛЬНИЙ";"БЕНЗИН";2995;2135;2605;"КЕ8500АР"
"P";"1211900000";"70";"РЕЄСТРАЦIЯ Б/В ТЗ ПРИВЕЗЕНОГО З-ЗА КОРДОНУ ПО ВМД";01.01.25;12245;"ТСЦ 1246";"JEEP";"COMPASS";"3C4NJDDB4LT171833";2020;"СІРИЙ";"ЛЕГКОВИЙ";"УНІВЕРСАЛ";"ЗАГАЛЬНИЙ";"БЕНЗИН";2360;1500;2132;"КЕ5613АМ"
"P";"1211900000";"70";"РЕЄСТРАЦIЯ Б/В ТЗ ПРИВЕЗЕНОГО З-ЗА КОРДОНУ ПО ВМД";01.01.25;12245;"ТСЦ 1246";"TESLA";"MODEL Y";"5YJYGDEE7LF025204";2020;"СИНІЙ";"ЛЕГКОВИЙ";"УНІВЕРСАЛ";"ЗАГАЛЬНИЙ";"ЕЛЕКТРО";;2030;2405;"АЕ1388YА"
"P";"2622087601";"105";"ПЕРВИННА РЕЄСТРАЦІЯ НОВОГО ТЗ ПРИДБАНОГО В ТОРГОВЕЛЬНІЙ ОРГАНІЗАЦІЇ, ЯКИЙ ВВЕЗЕНО З-ЗА КОРДОНУ";01.01.25;12277;"ТСЦ 2642";"KOVI";"300-4T";"LC4YDPL35R0202226";2024;"ЧОРНИЙ";"МОТОЦИКЛ";"МОТОЦИКЛ";"ЗАГАЛЬНИЙ";"БЕНЗИН";298;122;272;"АТ6557JА"
"P";"2622083901";"105";"ПЕРВИННА РЕЄСТРАЦІЯ НОВОГО ТЗ ПРИДБАНОГО В ТОРГОВЕЛЬНІЙ ОРГАНІЗАЦІЇ, ЯКИЙ ВВЕЗЕНО З-ЗА КОРДОНУ";01.01.25;12277;"ТСЦ 2642";"GEON";"DAKAR GNS 300";"L1UGDPL97RA000430";2024;"БІЛИЙ";"МОТОЦИКЛ";"МОТОЦИКЛ";"ЗАГАЛЬНИЙ";"БЕНЗИН";279;126;276;"АТ6558JА"
"P";"5310100000";"254";"НАЛЕЖНИЙ КОРИСТУВАЧ. РЕЄСТРАЦІЯ";01.01.25;10000;"OLD_ДДАІ МВС УКРАЇНИ";"TOYOTA";"COROLLA";"JTNBV56E90J053585";2008;"СІРИЙ";"ЛЕГКОВИЙ";"СЕДАН";"ЗАГАЛЬНИЙ";"БЕНЗИН";1598;1240;1760;"ВІ5145ІС"
"P";"7410400000";"410";"ПЕРЕРЕЄСТРАЦІЯ ПРИ ЗАМІНІ НОМЕРНОГО ЗНАКУ";01.01.25;12385;"ТСЦ 7443";"HONDA";"M-NV";"LVHDH2874N5003252";2022;"БІЛИЙ";"ЛЕГКОВИЙ";"УНІВЕРСАЛ";"ЗАГАЛЬНИЙ";"ЕЛЕКТРО";;1610;2027;"СВ1002YА"
"P";"7110136400";"254";"НАЛЕЖНИЙ КОРИСТУВАЧ. РЕЄСТРАЦІЯ";01.01.25;10000;"OLD_ДДАІ МВС УКРАЇНИ";"VOLKSWAGEN";"CADDY";"WV1ZZZ2KZAX011370";2010;"СИНІЙ";"ЛЕГКОВИЙ";"ПАСАЖИРСЬКИЙ";"ЗАГАЛЬНИЙ";"ДИЗЕЛЬНЕ ПАЛИВО";1896;1466;2205;"СА5075ВН"