"PERSON";"REG_ADDR_KOATUU";"OPER_CODE";"OPER_NAME";"D_REG";"DEP_CODE";"DEP";"BRAND";"MODEL";"VIN";"MAKE_YEAR";"COLOR";"KIND";"BODY";"PURPOSE";"FUEL";"CAPACITY";"OWN_WEIGHT";"TOTAL_WEIGHT";"N_REG_NEW"
"P";"";"70";"РЕЄСТРАЦIЯ Б/В ТЗ ПРИВЕЗЕНОГО З-ЗА КОРДОНУ ПО ВМД";30.04.25;12377;"ТСЦ 7141";"JEEP";"GRAND CHEROKEE ";"1C4RJFCM7FC214884";2015;"БІЛИЙ";"ЛЕГКОВИЙ";"УНІВЕРСАЛ";"ЗАГАЛЬНИЙ";"ДИЗЕЛЬНЕ ПАЛИВО";2987;2473;2949;"СА4292КК"
"P";"";"315";"ПЕРЕРЕЄСТРАЦІЯ ТЗ НА НОВ. ВЛАСН. ПО ДОГОВОРУ УКЛАДЕНОМУ В ТСЦ";30.04.25;12286;"ТСЦ 3247";"VOLKSWAGEN";"GOLF";"WVWZZZ1JZ2P033320";2001;"СІРИЙ";"ЛЕГКОВИЙ";"ХЕТЧБЕК";"ЗАГАЛЬНИЙ";"БЕНЗИН";1390;1204;1710;"АІ4424КК"
"P";"1211900000";"308";"ПЕРЕРЕЄСТРАЦІЯ НА НОВОГО ВЛАСНИКА ЗА ДОГ. КУПIВЛI-ПРОДАЖУ (СГ)";30.04.25;13648;"ТСЦ 1249";"BMW";"X3";"5UXWX9C50E0D30862";2013;"СІРИЙ";"ЛЕГКОВИЙ";"УНІВЕРСАЛ";"ЗАГАЛЬНИЙ";"БЕНЗИН";1997;1720;2330;"КЕ0975АО"
"P";"5110300000";"308";"ПЕРЕРЕЄСТРАЦІЯ НА НОВОГО ВЛАСНИКА ЗА ДОГ. КУПIВЛI-ПРОДАЖУ (СГ)";30.04.25;12323;"ТСЦ 5143";"NISSAN";"NOTE";"SJNFCAE11U1313494";2008;"СІРИЙ";"ЛЕГКОВИЙ";"ХЕТЧБЕК";"ЗАГАЛЬНИЙ";"БЕНЗИН";1598;1350;1700;"ВН0106КІ"
"J";"2610100000";"412";"ПЕРЕРЕЄСТРАЦІЯ ТЗ ПРИ ВИДАЧІ НОМЕРНОГО ЗНАКУ ВІДПОВІДНОЇ КОМБІНАЦІЇ ЦИФР";30.04.25;13960;"ТСЦ 8048";"MERCEDES-BENZ";"GLS 450 D";"W1NFF3DE2SB293187";2024;"ЗЕЛЕНИЙ";"ЛЕГКОВИЙ";"УНІВЕРСАЛ";"ЗАГАЛЬНИЙ";"ЕЛЕКТРО АБО ДИЗЕЛЬНЕ ПАЛИВО";2989;2720;3420;"АА9998ЕТ"
"P";"0721410100";"410";"ПЕРЕРЕЄСТРАЦІЯ ПРИ ЗАМІНІ НОМЕРНОГО ЗНАКУ";30.04.25;12237;"ТСЦ 0743";"SCANIA";"R410";"YS2R4X20002105045";2015;"СИНІЙ";"ВАНТАЖНИЙ";"СІДЛОВИЙ ТЯГАЧ";"СПЕЦІАЛІЗОВАНИЙ";"ДИЗЕЛЬНЕ ПАЛИВО";12742;8366;19000;"АС4485НТ"
"P";"8038600000";"70";"РЕЄСТРАЦIЯ Б/В ТЗ ПРИВЕЗЕНОГО З-ЗА КОРДОНУ ПО ВМД";30.04.25;12290;"ТСЦ 8041";"OPEL";"AMPERA-E";"W0VF86E09K4100808";2018;"СІРИЙ";"ЛЕГКОВИЙ";"ХЕТЧБЕК";"ЗАГАЛЬНИЙ";"ЕЛЕКТРО";;1691;2056;"АА6734YС"
"J";"8038000000";"315";"ПЕРЕРЕЄСТРАЦІЯ ТЗ НА НОВ. ВЛАСН. ПО ДОГОВОРУ УКЛАДЕНОМУ В ТСЦ";30.04.25;14855;"ТСЦ 4651";"VOLKSWAGEN";"ATLAS";"1V2NR2CA2KC523452";2018;"БІЛИЙ";"ЛЕГКОВИЙ";"УНІВЕРСАЛ";"ЗАГАЛЬНИЙ";"БЕНЗИН";3597;2054;2730;"ВС0441РН"
"J";"8036100000";"329";"ПЕРЕРЕЄСТРАЦІЯ ТЗ НА НОВОГО ВЛАСНИКА ЗА ДОГОВОРОМ ФІНАНСОВОГО ЛІЗИНГУ ТА ДКП ПРЕДМЕТА ЛІЗИНГУ";30.04.25;12293;"ТСЦ 8044";"RENAULT";"LOGAN";"VF1L5220366203850";2020;"БІЛИЙ";"ЛЕГКОВИЙ";"СЕДАН";"ЗАГАЛЬНИЙ";"БЕНЗИН АБО ГАЗ";999;1086;1491;"КА6967ВО"
"P";"7310100000";"315";"ПЕРЕРЕЄСТРАЦІЯ ТЗ НА НОВ. ВЛАСН. ПО ДОГОВОРУ УКЛАДЕНОМУ В ТСЦ";30.04.25;12388;"ТСЦ 7341";"VOLKSWAGEN";"TOURAN";"WVGZZZ1TZ6W077439";2006;"СІРИЙ";"ЛЕГКОВИЙ";"УНІВЕРСАЛ";"ЗАГАЛЬНИЙ";"ДИЗЕЛЬНЕ ПАЛИВО";1968;1667;2240;"СЕ8825ЕМ"
"P";"0510100000";"100";"ПЕРВИННА РЕЄСТРАЦIЯ Б/В ТЗ ПРИДБАНОГО В ТОРГІВЕЛЬНІЙ ОРГАНІЗАЦІЇ, ЯКИЙ ВВЕЗЕНО З-ЗА КОРДОНУ";30.04.25;13659;"ТСЦ 0546";"NISSAN";"JUKE";"JN8AF5MR6BT008747";2010;"СІРИЙ";"ЛЕГКОВИЙ";"ХЕТЧБЕК";"ЗАГАЛЬНИЙ";"БЕНЗИН";1618;1391;1799;"АВ3866МА"
"P";"2310100000";"254";"НАЛЕЖНИЙ КОРИСТУВАЧ. РЕЄСТРАЦІЯ";30.04.25;10000;"OLD_ДДАІ МВС УКРАЇНИ";"ЗАЗ";"SENS";"Y6DTF698KB0283098";2011;"ЧЕРВОНИЙ";"ЛЕГКОВИЙ";"СЕДАН";"ЗАГАЛЬНИЙ";"БЕНЗИН";1299;1070;1400;"АР3184СВ"
"P";"1210136600";"70";"РЕЄСТРАЦIЯ Б/В ТЗ ПРИВЕЗЕНОГО З-ЗА КОРДОНУ ПО ВМД";30.04.25;12245;"ТСЦ 1246";"FORD";"ECOSPORT";"MAJ6S3GL6LC319367";2019;"СИНІЙ";"ЛЕГКОВИЙ";"УНІВЕРСАЛ";"ЗАГАЛЬНИЙ";"БЕНЗИН";1999;1554;1929;"КЕ4870АО"
"P";"";"315";"ПЕРЕРЕЄСТРАЦІЯ ТЗ НА НОВ. ВЛАСН. ПО ДОГОВОРУ УКЛАДЕНОМУ В ТСЦ";30.04.25;12345;"ТСЦ 5944";"LEXUS";"RX 350";"2T2BK1BA7BC099564";2011;"БІЛИЙ";"ЛЕГКОВИЙ";"УНІВЕРСАЛ";"ЗАГАЛЬНИЙ";"БЕНЗИН АБО ГАЗ";3456;1909;2560;"ВМ3700АР"
"P";"1810100000";"70";"РЕЄСТРАЦIЯ Б/В ТЗ ПРИВЕЗЕНОГО З-ЗА КОРДОНУ ПО ВМД";30.04.25;12254;"ТСЦ 1841";"NISSAN";"NOTE";"SJNFCAE11U1029469";2006;"ОРАНЖЕВИЙ";"ЛЕГКОВИЙ";"ХЕТЧБЕК";"ЗАГАЛЬНИЙ";"БЕНЗИН";1598;1252;1580;"АМ8795НХ"
"J";"1413300000";"319";"ПЕРЕРЕЄСТРАЦІЯ ТЗ НА НОВОГО ВЛАСНИКА ЗА АКТОМ ПРИЙОМУ-ПЕРЕДАЧІ";30.04.25;14804;"ТСЦ 1452";"СБМ";"МДКЗ 31-28";"Y89287406R1A16078";2024;"ЖОВТИЙ";"ВАНТАЖНИЙ";"САМОСКИД";"СПЕЦІАЛІЗОВАНИЙ";"ДИЗЕЛЬНЕ ПАЛИВО";9726;16600;35000;"АН6317РВ"
"P";"5924783801";"315";"ПЕРЕРЕЄСТРАЦІЯ ТЗ НА НОВ. ВЛАСН. ПО ДОГОВОРУ УКЛАДЕНОМУ В ТСЦ";30.04.25;12347;"ТСЦ 5946";"FIAT";"DOBLO";"ZFA22300005162540";2002;"БІЛИЙ";"ЛЕГКОВИЙ";"ПАСАЖИРСЬКИЙ";"ЗАГАЛЬНИЙ";"ДИЗЕЛЬНЕ ПАЛИВО";1910;1310;1935;"BM9367EK"
"P";"2124487401";"230";"ВИДАЧА СВ. ПРО РЕЄСТР ДЛЯ ПОЇЗДКИ ЗА КОРДОН";30.04.25;12396;"ТСЦ 2146";"MERCEDES-BENZ";"SPRINTER";"WDB9066351P264006";2016;"БІЛИЙ";"ЛЕГКОВИЙ";"ПАСАЖИРСЬКИЙ";"ЗАГАЛЬНИЙ";"ДИЗЕЛЬНЕ ПАЛИВО";2143;2576;3500;"АО5030НЕ"
"P";"1421255100";"321";"ПЕРЕРЕЄСТРАЦIЯ ТЗ НА НОВ. ВЛАС. ПО УСПАДКУВАННЮ ЗА ЗАКОНОМ, ЗАПОВIТОМ ЧИ УСПАДКОВАНОМУ ДОГОВОРУ";30.04.25;13960;"ТСЦ 8048";"MERCEDES-BENZ";"E 63 AMG";"WDDZF8KB4KA625748";2019;"ЗЕЛЕНИЙ";"ЛЕГКОВИЙ";"СЕДАН";"ЗАГАЛЬНИЙ";"БЕНЗИН";3982;2141;2525;"КІ0007СВ"
"P";"3221284001";"308";"ПЕРЕРЕЄСТРАЦІЯ НА НОВОГО ВЛАСНИКА ЗА ДОГ. КУПIВЛI-ПРОДАЖУ (СГ)";30.04.25;12292;"ТСЦ 8043";"NISSAN";"MURANO";"5N1AZ2BS4LN136557";2020;"СІРИЙ";"ЛЕГКОВИЙ";"УНІВЕРСАЛ";"ЗАГАЛЬНИЙ";"БЕНЗИН";3498;1987;2395;"КА4328РС"
"P";"5110136900";"100";"ПЕРВИННА РЕЄСТРАЦIЯ Б/В ТЗ ПРИДБАНОГО В ТОРГІВЕЛЬНІЙ ОРГАНІЗАЦІЇ, ЯКИЙ ВВЕЗЕНО З-ЗА КОРДОНУ";30.04.25;12321;"ТСЦ 5141";"KAWASAKI";"Z 1000";"ZXT00W023366";2019;"ЧОРНИЙ";"МОТОЦИКЛ";"МОТОЦИКЛ";"ЗАГАЛЬНИЙ";"БЕНЗИН";1043;220;370;"ВН0489JВ"
"J";"3521485801";"313";"ПЕРЕРЕЄСТРАЦІЯ НА НОВОГО ВЛАСНИКА ЗА ДОГ. КУПІВЛІ-ПРОДАЖУ, УКЛАДЕНОГО У СГ НА ТЗ ЗАРЕЄСТРОВАНИЙ ЗА СГ";30.04.25;12378;"ТСЦ 7142";"RENAULT";"TRAFIC";"VF1FL000063772571";2019;"БІЛИЙ";"ЛЕГКОВИЙ";"УНІВЕРСАЛ";"ЗАГАЛЬНИЙ";"ДИЗЕЛЬНЕ ПАЛИВО";1598;1980;2960;"СА7016КІ"
"P";"1211000000";"71";"РЕЄСТРАЦІЯ ТЗ ПРИВЕЗЕНОГО З-ЗА КОРДОНУ ПО ПОСВІДЧЕННЮ МИТНИЦІ";30.04.25;12537;"ТСЦ 1248";"VOLKSWAGEN";"PASSAT";"1VWCV7A3XFC096823";2015;"БІЛИЙ";"ЛЕГКОВИЙ";"СЕДАН";"ЗАГАЛЬНИЙ";"ДИЗЕЛЬНЕ ПАЛИВО";1968;1612;2120;"КЕ8742АМ"
"P";"6310100000";"314";"ПЕРЕРЕЄСТРАЦІЯ ТЗ ІЗ УКЛАДАННЯМ ДОГОВОРУ КУПІВЛІ-ПРОДАЖУ ЧЕРЕЗ ЕЛЕКТРОННІ СЕРВІСИ ТА ЗОВНІШНІ РЕСУРСИ";30.04.25;12284;"ТСЦ 3245";"MAZDA";"CX-5";"JM3KFABL8H0172347";2017;"СИНІЙ";"ЛЕГКОВИЙ";"УНІВЕРСАЛ";"ЗАГАЛЬНИЙ";"БЕНЗИН";2488;1663;2048;"КА7048КВ"
"P";"4620610100";"314";"ПЕРЕРЕЄСТРАЦІЯ ТЗ ІЗ УКЛАДАННЯМ ДОГОВОРУ КУПІВЛІ-ПРОДАЖУ ЧЕРЕЗ ЕЛЕКТРОННІ СЕРВІСИ ТА ЗОВНІШНІ РЕСУРСИ";30.04.25;12284;"ТСЦ 3245";"FORTE";"CROSS 300";"LB425Y5C4PC101497";2023;"ЗЕЛЕНИЙ";"МОТОЦИКЛ";"МОТОЦИКЛ";"ЗАГАЛЬНИЙ";"БЕНЗИН";250;123;273;"ВС2672JА"
"P";"";"314";"ПЕРЕРЕЄСТРАЦІЯ ТЗ ІЗ УКЛАДАННЯМ ДОГОВОРУ КУПІВЛІ-ПРОДАЖУ ЧЕРЕЗ ЕЛЕКТРОННІ СЕРВІСИ ТА ЗОВНІШНІ РЕСУРСИ";30.04.25;12284;"ТСЦ 3245";"CITROEN";"JUMPY";"VF7BZRFNC12835242";2001;"СИНІЙ";"ЛЕГКОВИЙ";"ПАСАЖИРСЬКИЙ";"ЗАГАЛЬНИЙ";"БЕНЗИН АБО ГАЗ";1997;1342;2185;"BX2602EO"
"P";"0523088301";"314";"ПЕРЕРЕЄСТРАЦІЯ ТЗ ІЗ УКЛАДАННЯМ ДОГОВОРУ КУПІВЛІ-ПРОДАЖУ ЧЕРЕЗ ЕЛЕКТРОННІ СЕРВІСИ ТА ЗОВНІШНІ РЕСУРСИ";30.04.25;12284;"ТСЦ 3245";"NISSAN";"QASHQAI";"SJNFCAJ10U2098377";2010;"БІЛИЙ";"ЛЕГКОВИЙ";"УНІВЕРСАЛ";"ЗАГАЛЬНИЙ";"ДИЗЕЛЬНЕ ПАЛИВО";1461;1450;1930;"АВ2915КТ"
"J";"7322584501";"100";"ПЕРВИННА РЕЄСТРАЦIЯ Б/В ТЗ ПРИДБАНОГО В ТОРГІВЕЛЬНІЙ ОРГАНІЗАЦІЇ, ЯКИЙ ВВЕЗЕНО З-ЗА КОРДОНУ";30.04.25;12389;"ТСЦ 7342";"VOLKSWAGEN";"ID. UNYX";"HVWJA1ER3R1203247";2024;"ЧОРНИЙ";"ЛЕГКОВИЙ";"УНІВЕРСАЛ";"ЗАГАЛЬНИЙ";"ЕЛЕКТРО";;2166;2650;"СЕ4122YА"
"P";"1221455400";"560";"ЗНЯТТЯ З ОБЛІКУ ПРИ ПОВЕРНЕННІ ІЗ ПОЇЗДКИ ЗА КОРДОН ПО ДОРУЧ.";30.04.25;13648;"ТСЦ 1249";"DAF";"XF 105.460";"XLRTG47MS0E976269";2013;"ЧЕРВОНИЙ";"ВАНТАЖНИЙ";"СІДЛОВИЙ ТЯГАЧ";"СПЕЦІАЛІЗОВАНИЙ";"ДИЗЕЛЬНЕ ПАЛИВО";12902;8855;26500;"АЕ5443ХА"
"P";"";"100";"ПЕРВИННА РЕЄСТРАЦIЯ Б/В ТЗ ПРИДБАНОГО В ТОРГІВЕЛЬНІЙ ОРГАНІЗАЦІЇ, ЯКИЙ ВВЕЗЕНО З-ЗА КОРДОНУ";30.04.25;12238;"ТСЦ 0744";"RENAULT";"MEGANE SCENIC";"VF1JZ1GA643204418";2010;"СІРИЙ";"ЛЕГКОВИЙ";"УНІВЕРСАЛ";"ЗАГАЛЬНИЙ";"ДИЗЕЛЬНЕ ПАЛИВО";1461;1485;2121;"АС5924НТ"
"P";"7322555701";"315";"ПЕРЕРЕЄСТРАЦІЯ ТЗ НА НОВ. ВЛАСН. ПО ДОГОВОРУ УКЛАДЕНОМУ В ТСЦ";30.04.25;12389;"ТСЦ 7342";"VOLKSWAGEN";"GOLF";"WVWZZZ1JZ3W139770";2002;"БЕЖЕВИЙ";"ЛЕГКОВИЙ";"ХЕТЧБЕК";"ЗАГАЛЬНИЙ";"БЕНЗИН АБО ГАЗ";1390;1165;1660;"CE4269EX"
"P";"";"315";"ПЕРЕРЕЄСТРАЦІЯ ТЗ НА НОВ. ВЛАСН. ПО ДОГОВОРУ УКЛАДЕНОМУ В ТСЦ";30.04.25;12328;"ТСЦ 5149";"MITSUBISHI";"LANCER";"JMBSNCS9A5U001650";2005;"СІРИЙ";"ЛЕГКОВИЙ";"СЕДАН";"ЗАГАЛЬНИЙ";"БЕНЗИН";1997;1250;1750;"НН7920АВ"
"J";"1211900000";"560";"ЗНЯТТЯ З ОБЛІКУ ПРИ ПОВЕРНЕННІ ІЗ ПОЇЗДКИ ЗА КОРДОН ПО ДОРУЧ.";30.04.25;13648;"ТСЦ 1249";"DAF";"FT XF 105.460";"XLRTE47MS0E930231";2011;"ЧОРНИЙ";"ВАНТАЖНИЙ";"СІДЛОВИЙ ТЯГАЧ";"СПЕЦІАЛІЗОВАНИЙ";"ДИЗЕЛЬНЕ ПАЛИВО";12902;7385;19000;"АЕ7941КР"
"P";"6310138500";"308";"ПЕРЕРЕЄСТРАЦІЯ НА НОВОГО ВЛАСНИКА ЗА ДОГ. КУПIВЛI-ПРОДАЖУ (СГ)";30.04.25;12355;"ТСЦ 6341";"VOLKSWAGEN";"TIGUAN";"WVGZZZ5NZ9W069404";2008;"ЧОРНИЙ";"ЛЕГКОВИЙ";"УНІВЕРСАЛ";"ЗАГАЛЬНИЙ";"ДИЗЕЛЬНЕ ПАЛИВО";1968;1604;2260;"АХ2328МЕ"
"P";"1820680403";"315";"ПЕРЕРЕЄСТРАЦІЯ ТЗ НА НОВ. ВЛАСН. ПО ДОГОВОРУ УКЛАДЕНОМУ В ТСЦ";30.04.25;12281;"ТСЦ 3242";"GEELY";"CK";"L6T7524S1CN019575";2011;"БІЛИЙ";"ЛЕГКОВИЙ";"СЕДАН";"ЗАГАЛЬНИЙ";"БЕНЗИН АБО ГАЗ";1498;1113;1475;"AI5019TB"
"P";"1210400000";"308";"ПЕРЕРЕЄСТРАЦІЯ НА НОВОГО ВЛАСНИКА ЗА ДОГ. КУПIВЛI-ПРОДАЖУ (СГ)";30.04.25;12243;"ТСЦ 1244";"OPEL";"ASTRA";"Y6D0TGF697X010416";2007;"СІРИЙ";"ЛЕГКОВИЙ";"СЕДАН";"ЗАГАЛЬНИЙ";"БЕНЗИН";1598;1184;1630;"КЕ2117ВА"
"P";"1210137200";"321";"ПЕРЕРЕЄСТРАЦIЯ ТЗ НА НОВ. ВЛАС. ПО УСПАДКУВАННЮ ЗА ЗАКОНОМ, ЗАПОВIТОМ ЧИ УСПАДКОВАНОМУ ДОГОВОРУ";30.04.25;13648;"ТСЦ 1249";"DAEWOO";"LANOS";"SUPTF69YD7W325009";2007;"СІРИЙ";"ЛЕГКОВИЙ";"СЕДАН";"ЗАГАЛЬНИЙ";"БЕНЗИН";1500;1100;1590;"АЕ2669СН"
"P";"2610300000";"315";"ПЕРЕРЕЄСТРАЦІЯ ТЗ НА НОВ. ВЛАСН. ПО ДОГОВОРУ УКЛАДЕНОМУ В ТСЦ";30.04.25;12277;"ТСЦ 2642";"PEUGEOT";"407";"VF36E9HZC21496584";2006;"КОРИЧНЕВИЙ";"ЛЕГКОВИЙ";"СЕДАН";"ЗАГАЛЬНИЙ";"ДИЗЕЛЬНЕ ПАЛИВО";1560;1567;2127;"АТ0723НК"
"P";"3222486201";"308";"ПЕРЕРЕЄСТРАЦІЯ НА НОВОГО ВЛАСНИКА ЗА ДОГ. КУПIВЛI-ПРОДАЖУ (СГ)";30.04.25;12285;"ТСЦ 3246";"VOLKSWAGEN";"JETTA";"3VWD17AJ0GM356595";2016;"ЧЕРВОНИЙ";"ЛЕГКОВИЙ";"СЕДАН";"ЗАГАЛЬНИЙ";"БЕНЗИН";1798;1272;1960;"КА1431ІХ"
"P";"7325089202";"308";"ПЕРЕРЕЄСТРАЦІЯ НА НОВОГО ВЛАСНИКА ЗА ДОГ. КУПIВЛI-ПРОДАЖУ (СГ)";30.04.25;12388;"ТСЦ 7341";"SCANIA";"R410";"YS2R4X20009187703";2014;"БІЛИЙ";"ВАНТАЖНИЙ";"СІДЛОВИЙ ТЯГАЧ";"СПЕЦІАЛІЗОВАНИЙ";"ДИЗЕЛЬНЕ ПАЛИВО";12742;7951;18600;"СЕ2120НА"
"P";"";"308";"ПЕРЕРЕЄСТРАЦІЯ НА НОВОГО ВЛАСНИКА ЗА ДОГ. КУПIВЛI-ПРОДАЖУ (СГ)";30.04.25;12277;"ТСЦ 2642";"HYUNDAI";"TUCSON";"KMHJN81BP6U474110";2006;"СІРИЙ";"ЛЕГКОВИЙ";"УНІВЕРСАЛ";"ЗАГАЛЬНИЙ";"БЕНЗИН АБО ГАЗ";1975;1600;2140;"АТ7607ІЕ"
"P";"3524010100";"540";"ЗНЯТТЯ З ОБЛІКУ У ЗВ`ЯЗКУ З ВИБРАКОВКОЮ";30.04.25;12394;"ТСЦ 3544";"VOLKSWAGEN";"TRANSPORTER";"WV1ZZZ70ZWH128770";1998;"БІЛИЙ";"ВАНТАЖНИЙ";"ФУРГОН";"СПЕЦІАЛІЗОВАНИЙ";"ДИЗЕЛЬНЕ ПАЛИВО";2461;1620;2680;""
"P";"5121487001";"315";"ПЕРЕРЕЄСТРАЦІЯ ТЗ НА НОВ. ВЛАСН. ПО ДОГОВОРУ УКЛАДЕНОМУ В ТСЦ";30.04.25;12321;"ТСЦ 5141";"LEXUS";"RX 350";"2T2HK31U77C006325";2006;"СІРИЙ";"ЛЕГКОВИЙ";"УНІВЕРСАЛ";"ЗАГАЛЬНИЙ";"БЕНЗИН";3456;1739;2390;"НН3853АІ"
"P";"5110137500";"70";"РЕЄСТРАЦIЯ Б/В ТЗ ПРИВЕЗЕНОГО З-ЗА КОРДОНУ ПО ВМД";30.04.25;12261;"ТСЦ 2141";"RENAULT";"FLUENCE";"VF1LZBL0E45421193";2011;"БІЛИЙ";"ЛЕГКОВИЙ";"СЕДАН";"ЗАГАЛЬНИЙ";"ДИЗЕЛЬНЕ ПАЛИВО";1461;1490;1814;"АО6451ІЕ"
"P";"4810100000";"315";"ПЕРЕРЕЄСТРАЦІЯ ТЗ НА НОВ. ВЛАСН. ПО ДОГОВОРУ УКЛАДЕНОМУ В ТСЦ";30.04.25;12315;"ТСЦ 4841";"OPEL";"ASTRA";"W0L0AHL4888106039";2008;"СІРИЙ";"ЛЕГКОВИЙ";"ХЕТЧБЕК";"ЗАГАЛЬНИЙ";"БЕНЗИН";1796;1303;1805;"АІ7959МХ"
"P";"";"315";"ПЕРЕРЕЄСТРАЦІЯ ТЗ НА НОВ. ВЛАСН. ПО ДОГОВОРУ УКЛАДЕНОМУ В ТСЦ";30.04.25;12363;"ТСЦ 6349";"ВАЗ";"21099";"Y6D21099060033331";2006;"ЧОРНИЙ";"ЛЕГКОВИЙ";"СЕДАН";"ЗАГАЛЬНИЙ";"БЕНЗИН АБО ГАЗ";1499;970;1395;"АХ2286ОХ"
"P";"2624885901";"308";"ПЕРЕРЕЄСТРАЦІЯ НА НОВОГО ВЛАСНИКА ЗА ДОГ. КУПIВЛI-ПРОДАЖУ (СГ)";30.04.25;12277;"ТСЦ 2642";"RENAULT";"TRAFIC";"VF1FLB0B6CY456167";2012;"БІЛИЙ";"ЛЕГКОВИЙ";"ПАСАЖИРСЬКИЙ";"ЗАГАЛЬНИЙ";"ДИЗЕЛЬНЕ ПАЛИВО";1995;1836;3030;"AT2640II"
"P";"4810100000";"308";"ПЕРЕРЕЄСТРАЦІЯ НА НОВОГО ВЛАСНИКА ЗА ДОГ. КУПIВЛI-ПРОДАЖУ (СГ)";30.04.25;13747;"ТСЦ 5152";"VOLVO";"XC60";"YV4102DL2L1436557";2019;"ЧОРНИЙ";"ЛЕГКОВИЙ";"УНІВЕРСАЛ";"ЗАГАЛЬНИЙ";"БЕНЗИН";1969;1940;2370;"НН0979АІ"
"P";"5125455100";"100";"ПЕРВИННА РЕЄСТРАЦIЯ Б/В ТЗ ПРИДБАНОГО В ТОРГІВЕЛЬНІЙ ОРГАНІЗАЦІЇ, ЯКИЙ ВВЕЗЕНО З-ЗА КОРДОНУ";30.04.25;12285;"ТСЦ 3246";"SUZUKI";"GSX S750";"C533F100268";2017;"СИНІЙ";"МОТОЦИКЛ";"МОТОЦИКЛ";"ЗАГАЛЬНИЙ";"БЕНЗИН";749;200;350;"АІ7626JА"
"P";"5920380401";"308";"ПЕРЕРЕЄСТРАЦІЯ НА НОВОГО ВЛАСНИКА ЗА ДОГ. КУПIВЛI-ПРОДАЖУ (СГ)";30.04.25;12344;"ТСЦ 5943";"DACIA";"SANDERO";"UU1BSDMER44031642";2010;"СИНІЙ";"ЛЕГКОВИЙ";"ХЕТЧБЕК";"ЗАГАЛЬНИЙ";"БЕНЗИН АБО ГАЗ";1390;1129;1545;"ВМ8126ЕІ"
"P";"3220488301";"105";"ПЕРВИННА РЕЄСТРАЦІЯ НОВОГО ТЗ ПРИДБАНОГО В ТОРГОВЕЛЬНІЙ ОРГАНІЗАЦІЇ, ЯКИЙ ВВЕЗЕНО З-ЗА КОРДОНУ";30.04.25;12281;"ТСЦ 3242";"ZEEKR";"001 YOU";"L6T79T2E5PP107434";2023;"БІЛИЙ";"ЛЕГКОВИЙ";"ХЕТЧБЕК";"ЗАГАЛЬНИЙ";"ЕЛЕКТРО";;2410;2840;"АІ1109YВ"
"P";"0110900000";"313";"ПЕРЕРЕЄСТРАЦІЯ НА НОВОГО ВЛАСНИКА ЗА ДОГ. КУПІВЛІ-ПРОДАЖУ, УКЛАДЕНОГО У СГ НА ТЗ ЗАРЕЄСТРОВАНИЙ ЗА СГ";30.04.25;12285;"ТСЦ 3246";"OPEL";"CORSA";"VXKUPHNSSM4133780";2021;"СИНІЙ";"ЛЕГКОВИЙ";"ХЕТЧБЕК";"ЗАГАЛЬНИЙ";"БЕНЗИН";1199;1233;1650;"КА4959ІР"
"P";"";"105";"ПЕРВИННА РЕЄСТРАЦІЯ НОВОГО ТЗ ПРИДБАНОГО В ТОРГОВЕЛЬНІЙ ОРГАНІЗАЦІЇ, ЯКИЙ ВВЕЗЕНО З-ЗА КОРДОНУ";30.04.25;12328;"ТСЦ 5149";"SPARK";"SP200R-29";"LRFPCNLR8R0000089";2024;"ЧОРНИЙ";"МОТОЦИКЛ";"МОТОЦИКЛ";"ЗАГАЛЬНИЙ";"БЕНЗИН";196;150;269;"ВН1473JВ"
"P";"0523086001";"308";"ПЕРЕРЕЄСТРАЦІЯ НА НОВОГО ВЛАСНИКА ЗА ДОГ. КУПIВЛI-ПРОДАЖУ (СГ)";30.04.25;13659;"ТСЦ 0546";"RENAULT";"DUSTER";"VF1HJD20260847873";2018;"БІЛИЙ";"ЛЕГКОВИЙ";"УНІВЕРСАЛ";"ЗАГАЛЬНИЙ";"ДИЗЕЛЬНЕ ПАЛИВО";1461;1280;1819;"АВ5881ІВ"
"P";"8000000000";"410";"ПЕРЕРЕЄСТРАЦІЯ ПРИ ЗАМІНІ НОМЕРНОГО ЗНАКУ";30.04.25;12295;"ТСЦ 8046";"AUDI";"A4";"WAUZZZF42GA009313";2015;"БІЛИЙ";"ЛЕГКОВИЙ";"СЕДАН";"ЗАГАЛЬНИЙ";"БЕНЗИН";1395;1520;1945;"KA1997PE"
"P";"0510100000";"314";"ПЕРЕРЕЄСТРАЦІЯ ТЗ ІЗ УКЛАДАННЯМ ДОГОВОРУ КУПІВЛІ-ПРОДАЖУ ЧЕРЕЗ ЕЛЕКТРОННІ СЕРВІСИ ТА ЗОВНІШНІ РЕСУРСИ";30.04.25;12284;"ТСЦ 3245";"AUDI";"Q5";"WA1CFAFP9FA053380";2014;"СІРИЙ";"ЛЕГКОВИЙ";"УНІВЕРСАЛ";"ЗАГАЛЬНИЙ";"БЕНЗИН";1984;1970;2445;"ВС8763ТВ"
"J";"8038000000";"315";"ПЕРЕРЕЄСТРАЦІЯ ТЗ НА НОВ. ВЛАСН. ПО ДОГОВОРУ УКЛАДЕНОМУ В ТСЦ";30.04.25;14855;"ТСЦ 4651";"KIA";"SOUL";"KNAJX81EFG7013456";2015;"ЧОРНИЙ";"ЛЕГКОВИЙ";"ХЕТЧБЕК";"ЗАГАЛЬНИЙ";"ЕЛЕКТРО";;1565;1960;"ВС6825YВ"
"P";"";"100";"ПЕРВИННА РЕЄСТРАЦIЯ Б/В ТЗ ПРИДБАНОГО В ТОРГІВЕЛЬНІЙ ОРГАНІЗАЦІЇ, ЯКИЙ ВВЕЗЕНО З-ЗА КОРДОНУ";30.04.25;12282;"ТСЦ 3243";"RENAULT";"KANGOO";"VF1KW27B550264240";2014;"СІРИЙ";"ЛЕГКОВИЙ";"УНІВЕРСАЛ";"ЗАГАЛЬНИЙ";"ДИЗЕЛЬНЕ ПАЛИВО";1461;1395;1950;"АІ2141ТА"
"P";"6310137500";"315";"ПЕРЕРЕЄСТРАЦІЯ ТЗ НА НОВ. ВЛАСН. ПО ДОГОВОРУ УКЛАДЕНОМУ В ТСЦ";30.04.25;13653;"ТСЦ 6350";"TOYOTA";"FJ CRUISER";"JTEBU11F88K039775";2008;"ЧОРНИЙ";"ЛЕГКОВИЙ";"УНІВЕРСАЛ";"ЗАГАЛЬНИЙ";"БЕНЗИН";3956;1800;2300;"АХ0043ХМ"
"P";"5125485201";"314";"ПЕРЕРЕЄСТРАЦІЯ ТЗ ІЗ УКЛАДАННЯМ ДОГОВОРУ КУПІВЛІ-ПРОДАЖУ ЧЕРЕЗ ЕЛЕКТРОННІ СЕРВІСИ ТА ЗОВНІШНІ РЕСУРСИ";30.04.25;12284;"ТСЦ 3245";"SKODA";"OCTAVIA TOUR";"TMBDG41U77B010920";2007;"ЧОРНИЙ";"ЛЕГКОВИЙ";"ХЕТЧБЕК";"ЗАГАЛЬНИЙ";"ДИЗЕЛЬНЕ ПАЛИВО";1898;1300;1820;"ВІ0969ЕО"
"P";"";"315";"ПЕРЕРЕЄСТРАЦІЯ ТЗ НА НОВ. ВЛАСН. ПО ДОГОВОРУ УКЛАДЕНОМУ В ТСЦ";30.04.25;12346;"ТСЦ 5945";"VOLKSWAGEN";"GOLF";"WVWZZZ1JZYW742436";2000;"ЧОРНИЙ";"ЛЕГКОВИЙ";"УНІВЕРСАЛ";"ЗАГАЛЬНИЙ";"БЕНЗИН";1390;1241;1610;"BM6958EE"
"P";"7324582002";"315";"ПЕРЕРЕЄСТРАЦІЯ ТЗ НА НОВ. ВЛАСН. ПО ДОГОВОРУ УКЛАДЕНОМУ В ТСЦ";30.04.25;12388;"ТСЦ 7341";"BMW";"X5";"WBAFF41010L049511";2007;"ЧОРНИЙ";"ЛЕГКОВИЙ";"УНІВЕРСАЛ";"ЗАГАЛЬНИЙ";"ДИЗЕЛЬНЕ ПАЛИВО";2993;2075;2695;"CE3028ET"
"P";"2310136300";"315";"ПЕРЕРЕЄСТРАЦІЯ ТЗ НА НОВ. ВЛАСН. ПО ДОГОВОРУ УКЛАДЕНОМУ В ТСЦ";30.04.25;12267;"ТСЦ 2341";"SKODA";"FABIA";"TMBEP6NJ8JB500242";2017;"СИНІЙ";"ЛЕГКОВИЙ";"ХЕТЧБЕК";"ЗАГАЛЬНИЙ";"БЕНЗИН";999;1110;1565;"КА6218НН"
"P";"";"308";"ПЕРЕРЕЄСТРАЦІЯ НА НОВОГО ВЛАСНИКА ЗА ДОГ. КУПIВЛI-ПРОДАЖУ (СГ)";30.04.25;12378;"ТСЦ 7142";"OPEL";"ZAFIRA";"W0L0AHM756G054224";2006;"СІРИЙ";"ЛЕГКОВИЙ";"УНІВЕРСАЛ";"ЗАГАЛЬНИЙ";"БЕНЗИН АБО ГАЗ";1796;1554;2095;"СА6618КІ"
"P";"8038000000";"315";"ПЕРЕРЕЄСТРАЦІЯ ТЗ НА НОВ. ВЛАСН. ПО ДОГОВОРУ УКЛАДЕНОМУ В ТСЦ";30.04.25;12296;"ТСЦ 8047";"KAWASAKI";"NINJA ZX-4R";"ML5ZX400PSDA31359";2024;"ЗЕЛЕНИЙ";"МОТОЦИКЛ";"МОТОЦИКЛ";"ЗАГАЛЬНИЙ";"БЕНЗИН";399;189;369;"АА8741JА"
"P";"0722182601";"314";"ПЕРЕРЕЄСТРАЦІЯ ТЗ ІЗ УКЛАДАННЯМ ДОГОВОРУ КУПІВЛІ-ПРОДАЖУ ЧЕРЕЗ ЕЛЕКТРОННІ СЕРВІСИ ТА ЗОВНІШНІ РЕСУРСИ";30.04.25;12284;"ТСЦ 3245";"AUDI";"A6";"WAUZZZ4B14N097342";2004;"СИНІЙ";"ЛЕГКОВИЙ";"УНІВЕРСАЛ";"ЗАГАЛЬНИЙ";"ДИЗЕЛЬНЕ ПАЛИВО";1896;1650;2125;"АС3098НР"
"P";"2610100000";"254";"НАЛЕЖНИЙ КОРИСТУВАЧ. РЕЄСТРАЦІЯ";30.04.25;10000;"OLD_ДДАІ МВС УКРАЇНИ";"RENAULT";"MEGANE SCENIC";"VF1JMK4D639328007";2008;"БЕЖЕВИЙ";"ЛЕГКОВИЙ";"УНІВЕРСАЛ";"ЗАГАЛЬНИЙ";"ДИЗЕЛЬНЕ ПАЛИВО";1870;1605;2195;"АТ8256НР"
"P";"8036300000";"315";"ПЕРЕРЕЄСТРАЦІЯ ТЗ НА НОВ. ВЛАСН. ПО ДОГОВОРУ УКЛАДЕНОМУ В ТСЦ";30.04.25;12290;"ТСЦ 8041";"VOLKSWAGEN";"GOLF";"WVWZZZAUZGP512142";2015;"ЧОРНИЙ";"ЛЕГКОВИЙ";"УНІВЕРСАЛ";"ЗАГАЛЬНИЙ";"ДИЗЕЛЬНЕ ПАЛИВО";1598;1200;1710;"КА9906РС"
"P";"3211500000";"308";"ПЕРЕРЕЄСТРАЦІЯ НА НОВОГО ВЛАСНИКА ЗА ДОГ. КУПIВЛI-ПРОДАЖУ (СГ)";30.04.25;12355;"ТСЦ 6341";"AUDI";"A6";"WAUZZZ4G1DN111932";2013;"БІЛИЙ";"ЛЕГКОВИЙ";"СЕДАН";"ЗАГАЛЬНИЙ";"БЕНЗИН";2995;2190;2655;"АХ9292СМ"
"P";"4810136300";"254";"НАЛЕЖНИЙ КОРИСТУВАЧ. РЕЄСТРАЦІЯ";30.04.25;10000;"OLD_ДДАІ МВС УКРАЇНИ";"CITROEN";"C4 CACTUS";"VF70B9HPGGE542040";2016;"ЖОВТИЙ";"ЛЕГКОВИЙ";"ХЕТЧБЕК";"ЗАГАЛЬНИЙ";"ДИЗЕЛЬНЕ ПАЛИВО";1560;1130;1605;"ВЕ1408ВТ"
"P";"4611800000";"315";"ПЕРЕРЕЄСТРАЦІЯ ТЗ НА НОВ. ВЛАСН. ПО ДОГОВОРУ УКЛАДЕНОМУ В ТСЦ";30.04.25;12312;"ТСЦ 4646";"PEUGEOT";"3008";"VF30UBHZTGS228348";2016;"БІЛИЙ";"ЛЕГКОВИЙ";"УНІВЕРСАЛ";"ЗАГАЛЬНИЙ";"ДИЗЕЛЬНЕ ПАЛИВО";1560;1545;2040;"ВС5818ТО"
"P";"7322583001";"440";"ПЕРЕРЕЄСТРАЦIЯ ПРИ ВТРАТІ СВIДОЦТВА ПРО РЕЄСТРАЦIЮ";30.04.25;12389;"ТСЦ 7342";"VOLKSWAGEN";"TRANSPORTER";"WV1ZZZ7HZ5H006233";2005;"СІРИЙ";"ВАНТАЖНИЙ";"ВАНТАЖОПАСАЖИРСЬКИЙ";"ЗАГАЛЬНИЙ";"ДИЗЕЛЬНЕ ПАЛИВО";1896;1650;3000;"СЕ2739АР"
"P";"1210136300";"105";"ПЕРВИННА РЕЄСТРАЦІЯ НОВОГО ТЗ ПРИДБАНОГО В ТОРГОВЕЛЬНІЙ ОРГАНІЗАЦІЇ, ЯКИЙ ВВЕЗЕНО З-ЗА КОРДОНУ";30.04.25;12296;"ТСЦ 8047";"SKODA";"KODIAQ";"TMBLE7PS0ST084840";2025;"СІРИЙ";"ЛЕГКОВИЙ";"УНІВЕРСАЛ";"ЗАГАЛЬНИЙ";"БЕНЗИН";1984;1743;2380;"КА4075РЕ"
"P";"5110136900";"410";"ПЕРЕРЕЄСТРАЦІЯ ПРИ ЗАМІНІ НОМЕРНОГО ЗНАКУ";30.04.25;13747;"ТСЦ 5152";"MERCEDES-BENZ";"ATEGO 1223";"WDB9702581L085247";2006;"БІЛИЙ";"ВАНТАЖНИЙ";"ФУРГОН";"СПЕЦІАЛІЗОВАНИЙ";"ДИЗЕЛЬНЕ ПАЛИВО";6374;7400;15000;"BH8065TK"
"P";"7124983001";"308";"ПЕРЕРЕЄСТРАЦІЯ НА НОВОГО ВЛАСНИКА ЗА ДОГ. КУПIВЛI-ПРОДАЖУ (СГ)";30.04.25;12377;"ТСЦ 7141";"VOLKSWAGEN";"TRANSPORTER";"WV1ZZZ7HZ7H060869";2007;"СІРИЙ";"ЛЕГКОВИЙ";"ПАСАЖИРСЬКИЙ";"ЗАГАЛЬНИЙ";"ДИЗЕЛЬНЕ ПАЛИВО";1896;1800;2600;"СА4281КК"
"P";"7110500000";"254";"НАЛЕЖНИЙ КОРИСТУВАЧ. РЕЄСТРАЦІЯ";30.04.25;12240;"ТСЦ 1241";"VOLKSWAGEN";"GOLF";"WVWZZZ1JZ1W498755";2000;"ЗЕЛЕНИЙ";"ЛЕГКОВИЙ";"ХЕТЧБЕК";"ЗАГАЛЬНИЙ";"ДИЗЕЛЬНЕ ПАЛИВО";1896;1339;1820;"СА8695СК"
"P";"";"105";"ПЕРВИННА РЕЄСТРАЦІЯ НОВОГО ТЗ ПРИДБАНОГО В ТОРГОВЕЛЬНІЙ ОРГАНІЗАЦІЇ, ЯКИЙ ВВЕЗЕНО З-ЗА КОРДОНУ";30.04.25;12290;"ТСЦ 8041";"VOLKSWAGEN";"ID.4 CROZZ PRIME";"LFVVB9E64P5021103";2023;"БІЛИЙ";"ЛЕГКОВИЙ";"УНІВЕРСАЛ";"ЗАГАЛЬНИЙ";"ЕЛЕКТРО";;2254;2730;"АА8558YА"
"P";"3210400000";"100";"ПЕРВИННА РЕЄСТРАЦIЯ Б/В ТЗ ПРИДБАНОГО В ТОРГІВЕЛЬНІЙ ОРГАНІЗАЦІЇ, ЯКИЙ ВВЕЗЕНО З-ЗА КОРДОНУ";30.04.25;12280;"ТСЦ 3241";"VOLKSWAGEN";"TOURAN";"WVGZZZ1TZ6W134156";2006;"СІРИЙ";"ЛЕГКОВИЙ";"УНІВЕРСАЛ";"ЗАГАЛЬНИЙ";"БЕНЗИН";1595;1543;2140;"АІ8121ТВ"
"P";"2310137500";"410";"ПЕРЕРЕЄСТРАЦІЯ ПРИ ЗАМІНІ НОМЕРНОГО ЗНАКУ";30.04.25;12268;"ТСЦ 2342";"AUDI";"A3";"WAUZZZ8V4H1002628";2016;"БІЛИЙ";"ЛЕГКОВИЙ";"СЕДАН";"ЗАГАЛЬНИЙ";"ДИЗЕЛЬНЕ ПАЛИВО";1968;1355;1840;"АР3033ЕТ"
"P";"8000000000";"70";"РЕЄСТРАЦIЯ Б/В ТЗ ПРИВЕЗЕНОГО З-ЗА КОРДОНУ ПО ВМД";30.04.25;13960;"ТСЦ 8048";"AUDI";"A8";"WAU3GAFD3FN001192";2014;"СІРИЙ";"ЛЕГКОВИЙ";"СЕДАН";"ЗАГАЛЬНИЙ";"БЕНЗИН";2995;2145;2645;"КА0898РЕ"
"P";"";"315";"ПЕРЕРЕЄСТРАЦІЯ ТЗ НА НОВ. ВЛАСН. ПО ДОГОВОРУ УКЛАДЕНОМУ В ТСЦ";30.04.25;12290;"ТСЦ 8041";"TESLA";"MODEL Y";"7SAYGDEE2PF833999";2023;"БІЛИЙ";"ЛЕГКОВИЙ";"УНІВЕРСАЛ";"ЗАГАЛЬНИЙ";"ЕЛЕКТРО";;1994;2369;"АА6735YС"
"P";"4610100000";"390";"ПЕРЕРЕЄСТРАЦIЯ У ЗВ`ЯЗКУ ЗI ЗМIНОЮ КОЛЬОРУ ТЗ";30.04.25;12389;"ТСЦ 7342";"ВАЗ";"2121";"XTA212100B0166165";1981;"ЧОРНИЙ";"ЛЕГКОВИЙ";"УНІВЕРСАЛ";"ЗАГАЛЬНИЙ";"БЕНЗИН АБО ГАЗ";1569;1205;1610;"АТ0661АІ"
"P";"7110136400";"315";"ПЕРЕРЕЄСТРАЦІЯ ТЗ НА НОВ. ВЛАСН. ПО ДОГОВОРУ УКЛАДЕНОМУ В ТСЦ";30.04.25;12377;"ТСЦ 7141";"FORD";"EDGE";"2FMPK4AP3KBB95438";2019;"БІЛИЙ";"ЛЕГКОВИЙ";"УНІВЕРСАЛ";"ЗАГАЛЬНИЙ";"БЕНЗИН";2694;2156;2586;"ВІ3264ІМ"
"P";"5323810100";"408";"ПЕРЕРЕЄСТРАЦІЯ ПРИ ПЕРЕОБЛАДНАННІ БЕЗ ЗАМІНИ НОМЕРНИХ АГРЕГАТІВ";30.04.25;12332;"ТСЦ 5343";"КАМАЗ";"43101";"XTC431010L0017659";1990;"ЗЕЛЕНИЙ";"ВАНТАЖНИЙ";"СІДЛОВИЙ ТЯГАЧ";"СПЕЦІАЛІЗОВАНИЙ";"ДИЗЕЛЬНЕ ПАЛИВО";10850;7380;15200;"АХ4310ЕХ"
"P";"2310137500";"100";"ПЕРВИННА РЕЄСТРАЦIЯ Б/В ТЗ ПРИДБАНОГО В ТОРГІВЕЛЬНІЙ ОРГАНІЗАЦІЇ, ЯКИЙ ВВЕЗЕНО З-ЗА КОРДОНУ";30.04.25;12269;"ТСЦ 2343";"RENAULT";"TRAFIC";"VF1FLA0AEDV438751";2012;"ЧОРНИЙ";"ВАНТАЖНИЙ";"ФУРГОН РЕФРИЖЕРАТОР";"СПЕЦІАЛІЗОВАНИЙ";"ДИЗЕЛЬНЕ ПАЛИВО";1995;2013;2790;"АР5578КН"
"P";"0721484801";"314";"ПЕРЕРЕЄСТРАЦІЯ ТЗ ІЗ УКЛАДАННЯМ ДОГОВОРУ КУПІВЛІ-ПРОДАЖУ ЧЕРЕЗ ЕЛЕКТРОННІ СЕРВІСИ ТА ЗОВНІШНІ РЕСУРСИ";30.04.25;12284;"ТСЦ 3245";"VIPER";"ZS200A-3";"LEAPCM0E6M0011865";2021;"ЧОРНИЙ";"МОТОЦИКЛ";"МОТОЦИКЛ";"ЗАГАЛЬНИЙ";"БЕНЗИН";197;123;273;"АС5490ЕМ"
"P";"1224855300";"308";"ПЕРЕРЕЄСТРАЦІЯ НА НОВОГО ВЛАСНИКА ЗА ДОГ. КУПIВЛI-ПРОДАЖУ (СГ)";30.04.25;13648;"ТСЦ 1249";"NISSAN";"QASHQAI";"SJNFBNJ10U1153676";2007;"ЧОРНИЙ";"ЛЕГКОВИЙ";"УНІВЕРСАЛ";"ЗАГАЛЬНИЙ";"БЕНЗИН АБО ГАЗ";1997;1372;1960;"КЕ6556АЕ"
"P";"";"315";"ПЕРЕРЕЄСТРАЦІЯ ТЗ НА НОВ. ВЛАСН. ПО ДОГОВОРУ УКЛАДЕНОМУ В ТСЦ";30.04.25;12243;"ТСЦ 1244";"RENAULT";"DUSTER";"VF1HJD20971364117";2023;"БІЛИЙ";"ЛЕГКОВИЙ";"УНІВЕРСАЛ";"ЗАГАЛЬНИЙ";"ДИЗЕЛЬНЕ ПАЛИВО";1461;1280;1819;"АЕ2743КК"
"J";"";"340";"ПЕРЕРЕЄСТРАЦIЯ У ЗВ`ЯЗКУ ЗI ЗМIНОЮ АНКЕТНИХ ДАНИХ ВЛАСНИКА(БЕЗ ЗМІНИ РЕГІОНУ РЕЄСТРАЦІЇ)";30.04.25;12322;"ТСЦ 5142";"RENAULT";"DUSTER";"VF1HJD40363824128";2019;"БІЛИЙ";"ЛЕГКОВИЙ";"УНІВЕРСАЛ";"ЗАГАЛЬНИЙ";"БЕНЗИН";1598;1351;1809;"ВН2117МО"
"P";"6510100000";"254";"НАЛЕЖНИЙ КОРИСТУВАЧ. РЕЄСТРАЦІЯ";30.04.25;10000;"OLD_ДДАІ МВС УКРАЇНИ";"VOLKSWAGEN";"CRAFTER";"WV1ZZZ2FZC7006301";2012;"БІЛИЙ";"ВАНТАЖНИЙ";"ФУРГОН МАЛОТОНАЖНИЙ";"СПЕЦІАЛІЗОВАНИЙ";"ДИЗЕЛЬНЕ ПАЛИВО";1968;3005;3500;"ВТ0872ВМ"
"P";"1810100000";"100";"ПЕРВИННА РЕЄСТРАЦIЯ Б/В ТЗ ПРИДБАНОГО В ТОРГІВЕЛЬНІЙ ОРГАНІЗАЦІЇ, ЯКИЙ ВВЕЗЕНО З-ЗА КОРДОНУ";30.04.25;12254;"ТСЦ 1841";"SKODA";"SCALA";"TMBER6NW7M3026367";2020;"БІЛИЙ";"ЛЕГКОВИЙ";"ХЕТЧБЕК";"ЗАГАЛЬНИЙ";"БЕНЗИН";999;1186;1660;"АМ8794НХ"
"P";"";"317";"ПЕРЕРЕЄСТРАЦІЯ ТЗ НА НОВ. ВЛАСН. ПО ДОГОВОРУ ДАРУВАННЯ УКЛАДЕНОМУ В ТСЦ";30.04.25;12263;"ТСЦ 2143";"VOLKSWAGEN";"SHARAN";"WVWZZZ7MZ3V003067";2002;"СІРИЙ";"ЛЕГКОВИЙ";"УНІВЕРСАЛ";"ЗАГАЛЬНИЙ";"ДИЗЕЛЬНЕ ПАЛИВО";1896;1683;2470;"АО4840НХ"
"P";"4810100000";"254";"НАЛЕЖНИЙ КОРИСТУВАЧ. РЕЄСТРАЦІЯ";30.04.25;10000;"OLD_ДДАІ МВС УКРАЇНИ";"MAZDA";"626";"JMZGF14P201117476";1998;"ЗЕЛЕНИЙ";"ЛЕГКОВИЙ";"ХЕТЧБЕК";"ЗАГАЛЬНИЙ";"БЕНЗИН";1840;1280;1710;"ВЕ8093ВВ"
"P";"1810100000";"317";"ПЕРЕРЕЄСТРАЦІЯ ТЗ НА НОВ. ВЛАСН. ПО ДОГОВОРУ ДАРУВАННЯ УКЛАДЕНОМУ В ТСЦ";30.04.25;12322;"ТСЦ 5142";"MAN";"19.314";"WMAT333717M274070";1999;"СИНІЙ";"ВАНТАЖНИЙ";"ФУРГОН";"СПЕЦІАЛІЗОВАНИЙ";"ДИЗЕЛЬНЕ ПАЛИВО";11967;7900;18000;"BH6428PC"
"P";"6310136600";"70";"РЕЄСТРАЦIЯ Б/В ТЗ ПРИВЕЗЕНОГО З-ЗА КОРДОНУ ПО ВМД";30.04.25;12355;"ТСЦ 6341";"CHEVROLET";"BOLT EUV";"1G1FY6S07P4105956";2023;"СИНІЙ";"ЛЕГКОВИЙ";"ХЕТЧБЕК";"ЗАГАЛЬНИЙ";"ЕЛЕКТРО";;1685;2081;"АХ4780YА"
"P";"";"100";"ПЕРВИННА РЕЄСТРАЦIЯ Б/В ТЗ ПРИДБАНОГО В ТОРГІВЕЛЬНІЙ ОРГАНІЗАЦІЇ, ЯКИЙ ВВЕЗЕНО З-ЗА КОРДОНУ";30.04.25;12334;"ТСЦ 5345";"VOLKSWAGEN";"TOURAN";"WVGZZZ1TZ6W222930";2006;"СІРИЙ";"ЛЕГКОВИЙ";"УНІВЕРСАЛ";"ЗАГАЛЬНИЙ";"БЕНЗИН";1595;1502;2090;"ВІ2826ІО"
"P";"6822110100";"254";"НАЛЕЖНИЙ КОРИСТУВАЧ. РЕЄСТРАЦІЯ";30.04.25;10000;"OLD_ДДАІ МВС УКРАЇНИ";"JETOUR";"X70PLUS";"HJRPBGGB7RF118867";2024;"БІЛИЙ";"ЛЕГКОВИЙ";"УНІВЕРСАЛ";"ЗАГАЛЬНИЙ";"БЕНЗИН";1598;1717;2167;"КА8275ОТ"
"P";"";"100";"ПЕРВИННА РЕЄСТРАЦIЯ Б/В ТЗ ПРИДБАНОГО В ТОРГІВЕЛЬНІЙ ОРГАНІЗАЦІЇ, ЯКИЙ ВВЕЗЕНО З-ЗА КОРДОНУ";30.04.25;12310;"ТСЦ 4644";"CITROEN";"C-ZERO";"VF71NZKZZBU901690";2011;"ЧОРНИЙ";"ЛЕГКОВИЙ";"ХЕТЧБЕК";"ЗАГАЛЬНИЙ";"ЕЛЕКТРО";;1195;1450;"ВС4795YВ"
"P";"2121210100";"308";"ПЕРЕРЕЄСТРАЦІЯ НА НОВОГО ВЛАСНИКА ЗА ДОГ. КУПIВЛI-ПРОДАЖУ (СГ)";30.04.25;12264;"ТСЦ 2144";"TOYOTA";"TACOMA";"5TFUX4EN2FX037818";2015;"ЧЕРВОНИЙ";"ВАНТАЖНИЙ";"ПІКАП";"ЗАГАЛЬНИЙ";"БЕНЗИН АБО ГАЗ";2694;2050;2425;"АО0269ІЕ"
"P";"1412900000";"315";"ПЕРЕРЕЄСТРАЦІЯ ТЗ НА НОВ. ВЛАСН. ПО ДОГОВОРУ УКЛАДЕНОМУ В ТСЦ";30.04.25;12257;"ТСЦ 1844";"OPEL";"ASTRA";"Y6D0AHL0885035971";2007;"ЧЕРВОНИЙ";"ЛЕГКОВИЙ";"ХЕТЧБЕК";"ЗАГАЛЬНИЙ";"БЕНЗИН АБО ГАЗ";1796;1420;1745;"AM7488HX"
"P";"5322681901";"308";"ПЕРЕРЕЄСТРАЦІЯ НА НОВОГО ВЛАСНИКА ЗА ДОГ. КУПIВЛI-ПРОДАЖУ (СГ)";30.04.25;12333;"ТСЦ 5344";"TOYOTA";"COROLLA";"JT164AEB103006385";1997;"СИНІЙ";"ЛЕГКОВИЙ";"ХЕТЧБЕК";"ЗАГАЛЬНИЙ";"БЕНЗИН";1587;1200;1615;"BI4953IO"
"P";"8000000000";"431";"ПЕРЕРЕЄСТРАЦІЯ ТЗ ПРИ ВИДАЧІ ІНДИВІДУАЛЬНОГО НОМЕРНОГО ЗНАКУ";30.04.25;12285;"ТСЦ 3246";"FORD";"ESCAPE";"1FMCU9GD1JUA31939";2017;"СИНІЙ";"ЛЕГКОВИЙ";"УНІВЕРСАЛ";"ЗАГАЛЬНИЙ";"БЕНЗИН";1496;1774;2159;"ВК8698ІА"
"P";"1210100000";"314";"ПЕРЕРЕЄСТРАЦІЯ ТЗ ІЗ УКЛАДАННЯМ ДОГОВОРУ КУПІВЛІ-ПРОДАЖУ ЧЕРЕЗ ЕЛЕКТРОННІ СЕРВІСИ ТА ЗОВНІШНІ РЕСУРСИ";30.04.25;12284;"ТСЦ 3245";"KTM";"390 DUKE";"VBKJPJ409MC275045";2021;"СІРИЙ";"МОТОЦИКЛ";"МОТОЦИКЛ";"ЗАГАЛЬНИЙ";"БЕНЗИН";373;163;355;"АА8244JА"
"P";"";"308";"ПЕРЕРЕЄСТРАЦІЯ НА НОВОГО ВЛАСНИКА ЗА ДОГ. КУПIВЛI-ПРОДАЖУ (СГ)";30.04.25;12294;"ТСЦ 8045";"RENAULT";"LOGAN";"VF14SRCL464335497";2019;"БІЛИЙ";"ЛЕГКОВИЙ";"СЕДАН";"ЗАГАЛЬНИЙ";"ДИЗЕЛЬНЕ ПАЛИВО";1461;1227;1590;"КА0738РЕ"
"P";"0522484602";"410";"ПЕРЕРЕЄСТРАЦІЯ ПРИ ЗАМІНІ НОМЕРНОГО ЗНАКУ";30.04.25;12229;"ТСЦ 0541";"BMW";"X5";"WBAKS810400M51767";2015;"ЧОРНИЙ";"ЛЕГКОВИЙ";"УНІВЕРСАЛ";"ЗАГАЛЬНИЙ";"ДИЗЕЛЬНЕ ПАЛИВО";2993;2265;2905;"КВ0122АВ"
"P";"";"315";"ПЕРЕРЕЄСТРАЦІЯ ТЗ НА НОВ. ВЛАСН. ПО ДОГОВОРУ УКЛАДЕНОМУ В ТСЦ";30.04.25;12366;"ТСЦ 6542";"RENAULT";"KANGOO";"VF1FC0EBF23121272";2000;"БІЛИЙ";"ЛЕГКОВИЙ";"ПАСАЖИРСЬКИЙ";"ЗАГАЛЬНИЙ";"ДИЗЕЛЬНЕ ПАЛИВО";1870;1370;1880;"CE5422EI"
"P";"1820610100";"314";"ПЕРЕРЕЄСТРАЦІЯ ТЗ ІЗ УКЛАДАННЯМ ДОГОВОРУ КУПІВЛІ-ПРОДАЖУ ЧЕРЕЗ ЕЛЕКТРОННІ СЕРВІСИ ТА ЗОВНІШНІ РЕСУРСИ";30.04.25;12284;"ТСЦ 3245";"VOLKSWAGEN";"PASSAT";"WVWZZZ3CZ9E132999";2009;"СІРИЙ";"ЛЕГКОВИЙ";"УНІВЕРСАЛ";"ЗАГАЛЬНИЙ";"ДИЗЕЛЬНЕ ПАЛИВО";1968;1594;2190;"DІ8557ІА"
"P";"5310400000";"308";"ПЕРЕРЕЄСТРАЦІЯ НА НОВОГО ВЛАСНИКА ЗА ДОГ. КУПIВЛI-ПРОДАЖУ (СГ)";30.04.25;13872;"ТСЦ 5348";"РУТА";"20";"Y8920000080A36499";2008;"БІЛИЙ";"АВТОБУС";"АВТОБУС";"ЗАГАЛЬНИЙ";"БЕНЗИН АБО ГАЗ";2464;2090;3500;"BI0108IH"
"P";"7110500000";"307";"ПЕРЕРЕЄСТРАЦІЯ ТЗ НА НОВОГО ВЛАСНИКА ПО ДОГОВОРУ КУПІВЛІ-ПРОДАЖУ УКЛАДЕНОМУ В ПРИСУТНОСТІ АДМІНІСТРАТОРА ЦНАП";30.04.25;12381;"ТСЦ 7145";"SUZUKI";"SWIFT";"TSMMZC11S00138635";2005;"ОРАНЖЕВИЙ";"ЛЕГКОВИЙ";"ХЕТЧБЕК";"ЗАГАЛЬНИЙ";"БЕНЗИН";1328;1230;1560;"CA0855KI"
"P";"";"105";"ПЕРВИННА РЕЄСТРАЦІЯ НОВОГО ТЗ ПРИДБАНОГО В ТОРГОВЕЛЬНІЙ ОРГАНІЗАЦІЇ, ЯКИЙ ВВЕЗЕНО З-ЗА КОРДОНУ";30.04.25;12363;"ТСЦ 6349";"SPARK";"SP125C-2AR";"LKXPCBL08R4064777";2024;"ЧОРНИЙ";"МОТОЦИКЛ";"МОТОЦИКЛ";"ЗАГАЛЬНИЙ";"БЕНЗИН";124;104,8;243;"АХ5652JА"
"P";"8000000000";"430";"ПЕРЕРЕЄСТРАЦІЯ ПРИ ЗАМІНІ СВІДОЦТВА ПРО РЕЄСТРАЦІЮ";30.04.25;12295;"ТСЦ 8046";"HYUNDAI";"H-1";"KMHWH81JP8U065646";2008;"ЧОРНИЙ";"ЛЕГКОВИЙ";"ПАСАЖИРСЬКИЙ";"ЗАГАЛЬНИЙ";"ДИЗЕЛЬНЕ ПАЛИВО";2497;2216;3030;"KA5443HC"
"P";"7323082801";"308";"ПЕРЕРЕЄСТРАЦІЯ НА НОВОГО ВЛАСНИКА ЗА ДОГ. КУПIВЛI-ПРОДАЖУ (СГ)";30.04.25;12390;"ТСЦ 7343";"MERCEDES-BENZ";"316 CDI";"WDB9036631R573970";2003;"СИНІЙ";"ЛЕГКОВИЙ";"ВАНТАЖОПАСАЖИРСЬКИЙ";"ЗАГАЛЬНИЙ";"ДИЗЕЛЬНЕ ПАЛИВО";2685;2240;3500;"СЕ7478ВХ"
"P";"8000000000";"315";"ПЕРЕРЕЄСТРАЦІЯ ТЗ НА НОВ. ВЛАСН. ПО ДОГОВОРУ УКЛАДЕНОМУ В ТСЦ";30.04.25;12293;"ТСЦ 8044";"HYUNDAI";"KONA";"KMHK281HFLU113404";2020;"СІРИЙ";"ЛЕГКОВИЙ";"УНІВЕРСАЛ";"ЗАГАЛЬНИЙ";"ЕЛЕКТРО";;1610;2020;"АА5597YВ"
"P";"5123783001";"321";"ПЕРЕРЕЄСТРАЦIЯ ТЗ НА НОВ. ВЛАС. ПО УСПАДКУВАННЮ ЗА ЗАКОНОМ, ЗАПОВIТОМ ЧИ УСПАДКОВАНОМУ ДОГОВОРУ";30.04.25;13362;"ТСЦ 5150";"OPEL";"OMEGA";"W0L000017K1158871";1989;"СІРИЙ";"ЛЕГКОВИЙ";"СЕДАН";"ЗАГАЛЬНИЙ";"БЕНЗИН";1998;1340;1790;"ВН8672ВЕ"
"P";"";"308";"ПЕРЕРЕЄСТРАЦІЯ НА НОВОГО ВЛАСНИКА ЗА ДОГ. КУПIВЛI-ПРОДАЖУ (СГ)";30.04.25;12281;"ТСЦ 3242";"PEUGEOT";"308";"VF34C9HP0BS285400";2011;"БІЛИЙ";"ЛЕГКОВИЙ";"ХЕТЧБЕК";"ЗАГАЛЬНИЙ";"ДИЗЕЛЬНЕ ПАЛИВО";1560;1275;1800;"АІ6021ТВ"
"P";"1810100000";"315";"ПЕРЕРЕЄСТРАЦІЯ ТЗ НА НОВ. ВЛАСН. ПО ДОГОВОРУ УКЛАДЕНОМУ В ТСЦ";30.04.25;12295;"ТСЦ 8046";"FIAT";"124";"JC1NFAEK1J0138522";2017;"ЧОРНИЙ";"ЛЕГКОВИЙ";"СЕДАН";"ЗАГАЛЬНИЙ";"БЕНЗИН";1368;1188;1342;"КА1816РЕ"
"P";"5322255100";"315";"ПЕРЕРЕЄСТРАЦІЯ ТЗ НА НОВ. ВЛАСН. ПО ДОГОВОРУ УКЛАДЕНОМУ В ТСЦ";30.04.25;12344;"ТСЦ 5943";"VOLKSWAGEN";"VENTO 2.0";"WVWZZZ1HZSW111765";1995;"ЗЕЛЕНИЙ";"ЛЕГКОВИЙ";"СЕДАН";"ЗАГАЛЬНИЙ";"БЕНЗИН АБО ГАЗ";1984;1126;1630;"ВІ2129СР"
"P";"";"105";"ПЕРВИННА РЕЄСТРАЦІЯ НОВОГО ТЗ ПРИДБАНОГО В ТОРГОВЕЛЬНІЙ ОРГАНІЗАЦІЇ, ЯКИЙ ВВЕЗЕНО З-ЗА КОРДОНУ";30.04.25;12358;"ТСЦ 6344";"TEKKEN";"MH250GY-15";"R1FJCNLR5R0D67501";2024;"СІРИЙ";"МОТОЦИКЛ";"МОТОЦИКЛ";"ЗАГАЛЬНИЙ";"БЕНЗИН";249;144;294;"АХ8424JА"
"P";"4810100000";"100";"ПЕРВИННА РЕЄСТРАЦIЯ Б/В ТЗ ПРИДБАНОГО В ТОРГІВЕЛЬНІЙ ОРГАНІЗАЦІЇ, ЯКИЙ ВВЕЗЕНО З-ЗА КОРДОНУ";30.04.25;12315;"ТСЦ 4841";"HARLEY-DAVIDSON";"XL 883C";"1HD4CJM132K137182";2002;"ЧОРНИЙ";"МОТОЦИКЛ";"МОТОЦИКЛ";"ЗАГАЛЬНИЙ";"БЕНЗИН";883;251;430;"ВЕ3345JА"
"P";"6824755100";"308";"ПЕРЕРЕЄСТРАЦІЯ НА НОВОГО ВЛАСНИКА ЗА ДОГ. КУПIВЛI-ПРОДАЖУ (СГ)";30.04.25;12338;"ТСЦ 5642";"MERCEDES-BENZ";"SPRINTER 315 CDI";"W1V9076331P428651";2021;"БІЛИЙ";"ВАНТАЖНИЙ";"ФУРГОН";"СПЕЦІАЛІЗОВАНИЙ";"ДИЗЕЛЬНЕ ПАЛИВО";1950;2368;3500;"ВК3748ІР"
"P";"3222288201";"315";"ПЕРЕРЕЄСТРАЦІЯ ТЗ НА НОВ. ВЛАСН. ПО ДОГОВОРУ УКЛАДЕНОМУ В ТСЦ";30.04.25;12285;"ТСЦ 3246";"VOLKSWAGEN";"TIGUAN";"WVGBV7AX6GW601611";2016;"БІЛИЙ";"ЛЕГКОВИЙ";"УНІВЕРСАЛ";"ЗАГАЛЬНИЙ";"БЕНЗИН";1984;1730;2250;"АІ7765МХ"
"P";"8000000000";"314";"ПЕРЕРЕЄСТРАЦІЯ ТЗ ІЗ УКЛАДАННЯМ ДОГОВОРУ КУПІВЛІ-ПРОДАЖУ ЧЕРЕЗ ЕЛЕКТРОННІ СЕРВІСИ ТА ЗОВНІШНІ РЕСУРСИ";30.04.25;12284;"ТСЦ 3245";"BMW";"X1";"WBAVL1C56FVY38021";2015;"СИНІЙ";"ЛЕГКОВИЙ";"УНІВЕРСАЛ";"ЗАГАЛЬНИЙ";"БЕНЗИН";1997;1503;2135;"КА8106АМ"
"J";"8038500000";"254";"НАЛЕЖНИЙ КОРИСТУВАЧ. РЕЄСТРАЦІЯ";30.04.25;10000;"OLD_ДДАІ МВС УКРАЇНИ";"RENAULT";"KOLEOS";"VF1RZG00560299854";2018;"КОРИЧНЕВИЙ";"ЛЕГКОВИЙ";"УНІВЕРСАЛ";"ЗАГАЛЬНИЙ";"ДИЗЕЛЬНЕ ПАЛИВО";1995;1817;2267;"АА4298ХВ"
"P";"";"315";"ПЕРЕРЕЄСТРАЦІЯ ТЗ НА НОВ. ВЛАСН. ПО ДОГОВОРУ УКЛАДЕНОМУ В ТСЦ";30.04.25;12294;"ТСЦ 8045";"MAZDA";"CX-9";"JM3TB2CA2E0430747";2013;"СІРИЙ";"ЛЕГКОВИЙ";"УНІВЕРСАЛ";"ЗАГАЛЬНИЙ";"БЕНЗИН АБО ГАЗ";3726;2167;2645;"КА3061КР"
"P";"6320683506";"308";"ПЕРЕРЕЄСТРАЦІЯ НА НОВОГО ВЛАСНИКА ЗА ДОГ. КУПIВЛI-ПРОДАЖУ (СГ)";30.04.25;12246;"ТСЦ 1247";"RENAULT";"KANGOO";"VF1FW58B549327899";2013;"БІЛИЙ";"ВАНТАЖНИЙ";"ФУРГОН";"СПЕЦІАЛІЗОВАНИЙ";"ДИЗЕЛЬНЕ ПАЛИВО";1461;1433;1950;"АХ0113ЕТ"
"P";"1822510100";"410";"ПЕРЕРЕЄСТРАЦІЯ ПРИ ЗАМІНІ НОМЕРНОГО ЗНАКУ";30.04.25;12258;"ТСЦ 1845";"BMW";"330I";"WBA8B9G5XJNU95876";2017;"ЧОРНИЙ";"ЛЕГКОВИЙ";"СЕДАН";"ЗАГАЛЬНИЙ";"БЕНЗИН";1998;1670;2055;"АМ1209ІА"
"P";"3223380801";"100";"ПЕРВИННА РЕЄСТРАЦIЯ Б/В ТЗ ПРИДБАНОГО В ТОРГІВЕЛЬНІЙ ОРГАНІЗАЦІЇ, ЯКИЙ ВВЕЗЕНО З-ЗА КОРДОНУ";30.04.25;12287;"ТСЦ 3248";"NISSAN";"ROGUE";"KNMAT2MV4HP532416";2016;"СІРИЙ";"ЛЕГКОВИЙ";"УНІВЕРСАЛ";"ЗАГАЛЬНИЙ";"БЕНЗИН";2488;1714;2122;"АІ7571РК"
"P";"3524955100";"100";"ПЕРВИННА РЕЄСТРАЦIЯ Б/В ТЗ ПРИДБАНОГО В ТОРГІВЕЛЬНІЙ ОРГАНІЗАЦІЇ, ЯКИЙ ВВЕЗЕНО З-ЗА КОРДОНУ";30.04.25;12290;"ТСЦ 8041";"HONDA";"GB 350";"NC591011489";2022;"СИНІЙ";"МОТОЦИКЛ";"МОТОЦИКЛ";"ЗАГАЛЬНИЙ";"БЕНЗИН";348;170;327;"АА1274JВ"
"P";"5122783001";"71";"РЕЄСТРАЦІЯ ТЗ ПРИВЕЗЕНОГО З-ЗА КОРДОНУ ПО ПОСВІДЧЕННЮ МИТНИЦІ";30.04.25;12322;"ТСЦ 5142";"TOYOTA";"RAV-4 HYBRID";"JTMWRREV50D010797";2016;"КОРИЧНЕВИЙ";"ЛЕГКОВИЙ";"УНІВЕРСАЛ";"ЗАГАЛЬНИЙ";"ЕЛЕКТРО АБО БЕНЗИН";2494;1700;2205;"НН0632АЕ"
"P";"5925610300";"70";"РЕЄСТРАЦIЯ Б/В ТЗ ПРИВЕЗЕНОГО З-ЗА КОРДОНУ ПО ВМД";30.04.25;12292;"ТСЦ 8043";"AUDI";"Q5";"WA1GAAFY0N2051079";2022;"ЧОРНИЙ";"ЛЕГКОВИЙ";"УНІВЕРСАЛ";"ЗАГАЛЬНИЙ";"БЕНЗИН";1984;2020;2490;"КА6798РС"
"P";"0520280207";"70";"РЕЄСТРАЦIЯ Б/В ТЗ ПРИВЕЗЕНОГО З-ЗА КОРДОНУ ПО ВМД";30.04.25;12229;"ТСЦ 0541";"FORD";"FUSION";"3FA6P0PU7FR156002";2014;"ЧОРНИЙ";"ЛЕГКОВИЙ";"СЕДАН";"ЗАГАЛЬНИЙ";"ЕЛЕКТРО АБО БЕНЗИН";1999;1842;2227;"АВ2083МА"
"P";"6325157900";"308";"ПЕРЕРЕЄСТРАЦІЯ НА НОВОГО ВЛАСНИКА ЗА ДОГ. КУПIВЛI-ПРОДАЖУ (СГ)";30.04.25;13653;"ТСЦ 6350";"MAZDA";"CX-5";"JM3KFBAY8L0832270";2020;"ЧЕРВОНИЙ";"ЛЕГКОВИЙ";"УНІВЕРСАЛ";"ЗАГАЛЬНИЙ";"БЕНЗИН";2488;1795;2180;"АХ3752ОО"
"J";"3210900000";"230";"ВИДАЧА СВ. ПРО РЕЄСТР ДЛЯ ПОЇЗДКИ ЗА КОРДОН";30.04.25;12294;"ТСЦ 8045";"AUDI";"Q7";"WAUZZZ4MXSD035782";2025;"ЧОРНИЙ";"ЛЕГКОВИЙ";"УНІВЕРСАЛ";"ЗАГАЛЬНИЙ";"ЕЛЕКТРО АБО БЕНЗИН";2995;2460;3100;"АА0013ЕВ"
"P";"";"317";"ПЕРЕРЕЄСТРАЦІЯ ТЗ НА НОВ. ВЛАСН. ПО ДОГОВОРУ ДАРУВАННЯ УКЛАДЕНОМУ В ТСЦ";30.04.25;12383;"ТСЦ 7441";"VOLKSWAGEN";"PASSAT";"1VWAP7A35DC085856";2013;"ЧЕРВОНИЙ";"ЛЕГКОВИЙ";"СЕДАН";"ЗАГАЛЬНИЙ";"БЕНЗИН АБО ГАЗ";2480;1574;2030;"СВ1217СА"
"P";"";"315";"ПЕРЕРЕЄСТРАЦІЯ ТЗ НА НОВ. ВЛАСН. ПО ДОГОВОРУ УКЛАДЕНОМУ В ТСЦ";30.04.25;12257;"ТСЦ 1844";"OPEL";"OMEGA";"W0L0VBM69W1126874";1998;"ЧОРНИЙ";"ЛЕГКОВИЙ";"СЕДАН";"ЗАГАЛЬНИЙ";"БЕНЗИН АБО ГАЗ";1998;1120;1955;"AM7454HX"
"P";"2124887401";"410";"ПЕРЕРЕЄСТРАЦІЯ ПРИ ЗАМІНІ НОМЕРНОГО ЗНАКУ";30.04.25;12396;"ТСЦ 2146";"SKODA";"OCTAVIA";"TMBBE41U938676360";2002;"СІРИЙ";"ЛЕГКОВИЙ";"ХЕТЧБЕК";"ЗАГАЛЬНИЙ";"БЕНЗИН";1984;1345;1820;"АО0037АІ"
"P";"3510100000";"308";"ПЕРЕРЕЄСТРАЦІЯ НА НОВОГО ВЛАСНИКА ЗА ДОГ. КУПIВЛI-ПРОДАЖУ (СГ)";30.04.25;12298;"ТСЦ 3541";"TOYOTA";"LAND CRUISER PRADO";"JTEBL29J450002909";2004;"ЧОРНИЙ";"ЛЕГКОВИЙ";"УНІВЕРСАЛ";"ЗАГАЛЬНИЙ";"ДИЗЕЛЬНЕ ПАЛИВО";2982;2305;2850;"BA6870EX"
"P";"3210900000";"315";"ПЕРЕРЕЄСТРАЦІЯ ТЗ НА НОВ. ВЛАСН. ПО ДОГОВОРУ УКЛАДЕНОМУ В ТСЦ";30.04.25;12294;"ТСЦ 8045";"SKODA";"FABIA";"TMBEP2NJXKB500172";2019;"СІРИЙ";"ЛЕГКОВИЙ";"ХЕТЧБЕК";"ЗАГАЛЬНИЙ";"БЕНЗИН";999;1110;1565;"КА2203РВ"
"P";"";"308";"ПЕРЕРЕЄСТРАЦІЯ НА НОВОГО ВЛАСНИКА ЗА ДОГ. КУПIВЛI-ПРОДАЖУ (СГ)";30.04.25;12242;"ТСЦ 1243";"VOLKSWAGEN";"GOLF";"WVWZZZAUZEW065447";2013;"СИНІЙ";"ЛЕГКОВИЙ";"ХЕТЧБЕК";"ЗАГАЛЬНИЙ";"ДИЗЕЛЬНЕ ПАЛИВО";1968;1275;1740;"АЕ7282АК"
"P";"8000000000";"314";"ПЕРЕРЕЄСТРАЦІЯ ТЗ ІЗ УКЛАДАННЯМ ДОГОВОРУ КУПІВЛІ-ПРОДАЖУ ЧЕРЕЗ ЕЛЕКТРОННІ СЕРВІСИ ТА ЗОВНІШНІ РЕСУРСИ";30.04.25;12284;"ТСЦ 3245";"SUBARU";"OUTBACK";"4S4BTGLD8M3114626";2020;"ЧОРНИЙ";"ЛЕГКОВИЙ";"УНІВЕРСАЛ";"ЗАГАЛЬНИЙ";"БЕНЗИН";2384;1762;2280;"ВК6930ІК"
"P";"7120310100";"315";"ПЕРЕРЕЄСТРАЦІЯ ТЗ НА НОВ. ВЛАСН. ПО ДОГОВОРУ УКЛАДЕНОМУ В ТСЦ";30.04.25;12380;"ТСЦ 7144";"OPEL";"KADETT";"W0L000039J5314627";1988;"СІРИЙ";"ЛЕГКОВИЙ";"СЕДАН";"ЗАГАЛЬНИЙ";"ДИЗЕЛЬНЕ ПАЛИВО";1600;695;1445;"СА8221АС"
"P";"5921581902";"315";"ПЕРЕРЕЄСТРАЦІЯ ТЗ НА НОВ. ВЛАСН. ПО ДОГОВОРУ УКЛАДЕНОМУ В ТСЦ";30.04.25;12295;"ТСЦ 8046";"FORD";"TRANSIT";"WF0DXXTTGDHP37683";2017;"ОРАНЖЕВИЙ";"ВАНТАЖНИЙ";"ФУРГОН (З ГІДРОБОРТОМ)";"СПЕЦІАЛІЗОВАНИЙ";"ДИЗЕЛЬНЕ ПАЛИВО";1995;2860;3500;"КА1821РЕ"
"P";"3221286001";"340";"ПЕРЕРЕЄСТРАЦIЯ У ЗВ`ЯЗКУ ЗI ЗМIНОЮ АНКЕТНИХ ДАНИХ ВЛАСНИКА(БЕЗ ЗМІНИ РЕГІОНУ РЕЄСТРАЦІЇ)";30.04.25;12282;"ТСЦ 3243";"VOLKSWAGEN";"GOLF";"WVWZZZ1JZ2W692376";2002;"ЧОРНИЙ";"ЛЕГКОВИЙ";"ХЕТЧБЕК";"ЗАГАЛЬНИЙ";"БЕНЗИН";1588;1245;1750;"АІ7487МР"
"P";"1411500000";"69";"РЕЄСТРАЦІЯ НОВИХ ТЗ ПО АКТУ ПРИЙОМУ-ПЕРЕДАЧІ (ДОД. 6)";30.04.25;12285;"ТСЦ 3246";"ТЦС";"03";"Y79072013SVD58147";2025;"ЧОРНИЙ";"ПРИЧІП";"ПР-БОРТОВИЙ";"ЗАГАЛЬНИЙ";"";;190;750;"АІ6710ХG"
"P";"8000000000";"315";"ПЕРЕРЕЄСТРАЦІЯ ТЗ НА НОВ. ВЛАСН. ПО ДОГОВОРУ УКЛАДЕНОМУ В ТСЦ";30.04.25;12295;"ТСЦ 8046";"AUDI";"A4";"WAUBFAFL8GN015578";2015;"ЧОРНИЙ";"ЛЕГКОВИЙ";"СЕДАН";"ЗАГАЛЬНИЙ";"БЕНЗИН";1984;1745;2225;"ВМ0290ЕН"
"J";"8036600000";"430";"ПЕРЕРЕЄСТРАЦІЯ ПРИ ЗАМІНІ СВІДОЦТВА ПРО РЕЄСТРАЦІЮ";30.04.25;12295;"ТСЦ 8046";"MERCEDES-BENZ";"SPRINTER";"W1V9071332N099546";2020;"БІЛИЙ";"ВАНТАЖНИЙ";"ФУРГОН РЕФРИЖЕРАТОР";"СПЕЦІАЛІЗОВАНИЙ";"ДИЗЕЛЬНЕ ПАЛИВО";2143;2320;3500;"КА3945РВ"
"P";"2610100000";"100";"ПЕРВИННА РЕЄСТРАЦIЯ Б/В ТЗ ПРИДБАНОГО В ТОРГІВЕЛЬНІЙ ОРГАНІЗАЦІЇ, ЯКИЙ ВВЕЗЕНО З-ЗА КОРДОНУ";30.04.25;12276;"ТСЦ 2641";"BMW";"IX XDRIVE 50";"WBY21CF090CM36809";2022;"СІРИЙ";"ЛЕГКОВИЙ";"УНІВЕРСАЛ";"ЗАГАЛЬНИЙ";"ЕЛЕКТРО";;2585;3145;"АТ8182YА"
"P";"5110137300";"390";"ПЕРЕРЕЄСТРАЦIЯ У ЗВ`ЯЗКУ ЗI ЗМIНОЮ КОЛЬОРУ ТЗ";30.04.25;12321;"ТСЦ 5141";"KIA";"K5";"KNAGU416BGA007730";2015;"СІРИЙ";"ЛЕГКОВИЙ";"СЕДАН";"ЗАГАЛЬНИЙ";"ГАЗ";1999;1455;1845;"ОО2001АВ"
"P";"0523787001";"410";"ПЕРЕРЕЄСТРАЦІЯ ПРИ ЗАМІНІ НОМЕРНОГО ЗНАКУ";30.04.25;12286;"ТСЦ 3247";"TOYOTA";"LAND CRUISER PRADO";"JTEBX9FJ5AK013840";2010;"ЧОРНИЙ";"ЛЕГКОВИЙ";"УНІВЕРСАЛ";"ЗАГАЛЬНИЙ";"БЕНЗИН АБО ГАЗ";2700;1875;2350;"КА0503КА"
"J";"3210800000";"254";"НАЛЕЖНИЙ КОРИСТУВАЧ. РЕЄСТРАЦІЯ";30.04.25;10000;"OLD_ДДАІ МВС УКРАЇНИ";"RAVON";"R4";"XWBJA69V9HA009654";2017;"БІЛИЙ";"ЛЕГКОВИЙ";"СЕДАН";"ЗАГАЛЬНИЙ";"БЕНЗИН АБО ГАЗ";1485;1273;1620;"АІ8038ІА"
"P";"6310137900";"308";"ПЕРЕРЕЄСТРАЦІЯ НА НОВОГО ВЛАСНИКА ЗА ДОГ. КУПIВЛI-ПРОДАЖУ (СГ)";30.04.25;13653;"ТСЦ 6350";"MERCEDES-BENZ";"E 200";"WDB2100351A509879";1997;"БІЛИЙ";"ЛЕГКОВИЙ";"СЕДАН";"ЗАГАЛЬНИЙ";"БЕНЗИН АБО ГАЗ";1997;1440;1940;"AX3753OO"
"P";"";"314";"ПЕРЕРЕЄСТРАЦІЯ ТЗ ІЗ УКЛАДАННЯМ ДОГОВОРУ КУПІВЛІ-ПРОДАЖУ ЧЕРЕЗ ЕЛЕКТРОННІ СЕРВІСИ ТА ЗОВНІШНІ РЕСУРСИ";30.04.25;12284;"ТСЦ 3245";"PORSCHE";"CAYENNE";"WP1AA29P28LA28338";2008;"БІЛИЙ";"ЛЕГКОВИЙ";"УНІВЕРСАЛ";"ЗАГАЛЬНИЙ";"БЕНЗИН";3598;2290;2945;"KE6930AM"
"P";"1810100000";"308";"ПЕРЕРЕЄСТРАЦІЯ НА НОВОГО ВЛАСНИКА ЗА ДОГ. КУПIВЛI-ПРОДАЖУ (СГ)";30.04.25;12254;"ТСЦ 1841";"KTM";"200 DUKE";"VBKJPC405LC080943";2020;"ОРАНЖЕВИЙ";"МОТОЦИКЛ";"МОТОЦИКЛ";"ЗАГАЛЬНИЙ";"БЕНЗИН";200;132;335;"АМ0848JА"
"P";"3222482401";"315";"ПЕРЕРЕЄСТРАЦІЯ ТЗ НА НОВ. ВЛАСН. ПО ДОГОВОРУ УКЛАДЕНОМУ В ТСЦ";30.04.25;12296;"ТСЦ 8047";"RENAULT";"PREMIUM 370 DCI";"VF622GVA000155065";2006;"СИНІЙ";"ВАНТАЖНИЙ";"СІДЛОВИЙ ТЯГАЧ";"СПЕЦІАЛІЗОВАНИЙ";"ДИЗЕЛЬНЕ ПАЛИВО";11116;6500;18000;"АА2106РЕ"
"P";"8000000000";"410";"ПЕРЕРЕЄСТРАЦІЯ ПРИ ЗАМІНІ НОМЕРНОГО ЗНАКУ";30.04.25;12294;"ТСЦ 8045";"SEAT";"LEON";"VSSZZZ1PZ8Z000020";2008;"СІРИЙ";"ЛЕГКОВИЙ";"ХЕТЧБЕК";"ЗАГАЛЬНИЙ";"БЕНЗИН АБО ГАЗ";1595;1210;1680;"KA9944BO"
"P";"6510100000";"317";"ПЕРЕРЕЄСТРАЦІЯ ТЗ НА НОВ. ВЛАСН. ПО ДОГОВОРУ ДАРУВАННЯ УКЛАДЕНОМУ В ТСЦ";30.04.25;12365;"ТСЦ 6541";"AUDI";"A4";"WAUZZZ8K0EA165116";2014;"ЧОРНИЙ";"ЛЕГКОВИЙ";"УНІВЕРСАЛ";"ЗАГАЛЬНИЙ";"ДИЗЕЛЬНЕ ПАЛИВО";1968;1615;2110;"ВТ2829ВТ"
"P";"0710400000";"430";"ПЕРЕРЕЄСТРАЦІЯ ПРИ ЗАМІНІ СВІДОЦТВА ПРО РЕЄСТРАЦІЮ";30.04.25;12294;"ТСЦ 8045";"DAF";"XF 105.460";"XLRTE47MS0E973872";2013;"БІЛИЙ";"ВАНТАЖНИЙ";"СІДЛОВИЙ ТЯГАЧ";"СПЕЦІАЛІЗОВАНИЙ";"ДИЗЕЛЬНЕ ПАЛИВО";12902;8240;20500;"АС8973АІ"
"P";"6110100000";"314";"ПЕРЕРЕЄСТРАЦІЯ ТЗ ІЗ УКЛАДАННЯМ ДОГОВОРУ КУПІВЛІ-ПРОДАЖУ ЧЕРЕЗ ЕЛЕКТРОННІ СЕРВІСИ ТА ЗОВНІШНІ РЕСУРСИ";30.04.25;12284;"ТСЦ 3245";"DAEWOO";"NEXIA";"XWB3L32EDCA239696";2012;"ЧОРНИЙ";"ЛЕГКОВИЙ";"СЕДАН";"ЗАГАЛЬНИЙ";"БЕНЗИН АБО ГАЗ";1498;1172;1470;"BM5634EC"
"P";"7325089202";"308";"ПЕРЕРЕЄСТРАЦІЯ НА НОВОГО ВЛАСНИКА ЗА ДОГ. КУПIВЛI-ПРОДАЖУ (СГ)";30.04.25;12388;"ТСЦ 7341";"SCHMITZ";"SCB S3B";"WSM00000005106810";2013;"БЕЖЕВИЙ";"НАПІВПРИЧІП";"Н/ПР-ФУРГОН РЕФРИЖЕРАТОР";"СПЕЦІАЛІЗОВАНИЙ";"";;10144;38000;"СЕ4909ХF"
"P";"4423355300";"314";"ПЕРЕРЕЄСТРАЦІЯ ТЗ ІЗ УКЛАДАННЯМ ДОГОВОРУ КУПІВЛІ-ПРОДАЖУ ЧЕРЕЗ ЕЛЕКТРОННІ СЕРВІСИ ТА ЗОВНІШНІ РЕСУРСИ";30.04.25;12284;"ТСЦ 3245";"MITSUBISHI";"PAJERO WAGON";"JMYLRV93W7J721329";2007;"СІРИЙ";"ЛЕГКОВИЙ";"УНІВЕРСАЛ";"ЗАГАЛЬНИЙ";"БЕНЗИН АБО ГАЗ";2972;2150;2700;"DI7280AB"
"P";"";"314";"ПЕРЕРЕЄСТРАЦІЯ ТЗ ІЗ УКЛАДАННЯМ ДОГОВОРУ КУПІВЛІ-ПРОДАЖУ ЧЕРЕЗ ЕЛЕКТРОННІ СЕРВІСИ ТА ЗОВНІШНІ РЕСУРСИ";30.04.25;12284;"ТСЦ 3245";"LIFAN";"SR220-4V";"LF3PDMAM6PA000005";2023;"ЧОРНИЙ";"МОТОЦИКЛ";"МОТОЦИКЛ";"ЗАГАЛЬНИЙ";"БЕНЗИН";198;152;302;"ВМ2794JА"
"P";"4810136300";"410";"ПЕРЕРЕЄСТРАЦІЯ ПРИ ЗАМІНІ НОМЕРНОГО ЗНАКУ";30.04.25;12315;"ТСЦ 4841";"VOLKSWAGEN";"ARTEON";"WVWZZZ3HZPE505055";2022;"ЧОРНИЙ";"ЛЕГКОВИЙ";"УНІВЕРСАЛ";"ЗАГАЛЬНИЙ";"ДИЗЕЛЬНЕ ПАЛИВО";1968;1733;2290;"ВЕ6310НЕ"
"P";"2310100000";"314";"ПЕРЕРЕЄСТРАЦІЯ ТЗ ІЗ УКЛАДАННЯМ ДОГОВОРУ КУПІВЛІ-ПРОДАЖУ ЧЕРЕЗ ЕЛЕКТРОННІ СЕРВІСИ ТА ЗОВНІШНІ РЕСУРСИ";30.04.25;12284;"ТСЦ 3245";"SMART";"MC 01";"WME01MC01YH043233";2000;"ЧОРНИЙ";"ЛЕГКОВИЙ";"КУПЕ";"ЗАГАЛЬНИЙ";"ДИЗЕЛЬНЕ ПАЛИВО";799;805;990;"АР3414ЕН"
"P";"0510136600";"410";"ПЕРЕРЕЄСТРАЦІЯ ПРИ ЗАМІНІ НОМЕРНОГО ЗНАКУ";30.04.25;12229;"ТСЦ 0541";"BMW";"I3";"WBY8P210707D31496";2019;"СІРИЙ";"ЛЕГКОВИЙ";"ХЕТЧБЕК";"ЗАГАЛЬНИЙ";"ЕЛЕКТРО";;1345;1710;"АВ7817YА"
"P";"1825682002";"105";"ПЕРВИННА РЕЄСТРАЦІЯ НОВОГО ТЗ ПРИДБАНОГО В ТОРГОВЕЛЬНІЙ ОРГАНІЗАЦІЇ, ЯКИЙ ВВЕЗЕНО З-ЗА КОРДОНУ";30.04.25;12258;"ТСЦ 1845";"MUSSTANG";"MT200-9";"LFEPCMLA0S4705483";2025;"ЧОРНИЙ";"МОТОЦИКЛ";"МОТОЦИКЛ";"ЗАГАЛЬНИЙ";"БЕНЗИН";197;126;276;"АМ4624JА"
"P";"2310136900";"315";"ПЕРЕРЕЄСТРАЦІЯ ТЗ НА НОВ. ВЛАСН. ПО ДОГОВОРУ УКЛАДЕНОМУ В ТСЦ";30.04.25;12269;"ТСЦ 2343";"TOYOTA";"CAMRY";"JTNBFYFK503005266";2011;"БІЛИЙ";"ЛЕГКОВИЙ";"СЕДАН";"ЗАГАЛЬНИЙ";"БЕНЗИН АБО ГАЗ";2494;1570;2100;"AP5354KH"
"P";"3210300000";"284";"НАЛЕЖНИЙ КОРИСТУВАЧ. ВИКЛЮЧЕННЯ ВІДОМОСТЕЙ";30.04.25;10000;"OLD_ДДАІ МВС УКРАЇНИ";"FORD";"FUSION";"3FA6P0G74HR103996";2016;"СІРИЙ";"ЛЕГКОВИЙ";"СЕДАН";"ЗАГАЛЬНИЙ";"БЕНЗИН АБО ГАЗ";2488;1678;2009;"КА0246ЕТ"
"P";"3510100000";"410";"ПЕРЕРЕЄСТРАЦІЯ ПРИ ЗАМІНІ НОМЕРНОГО ЗНАКУ";30.04.25;12300;"ТСЦ 3543";"VOLKSWAGEN";"JETTA";"3VW4T7AJ1EM394344";2013;"СІРИЙ";"ЛЕГКОВИЙ";"СЕДАН";"ЗАГАЛЬНИЙ";"БЕНЗИН";1984;1480;1990;"ВА4470ЕХ"
"P";"4810800000";"308";"ПЕРЕРЕЄСТРАЦІЯ НА НОВОГО ВЛАСНИКА ЗА ДОГ. КУПIВЛI-ПРОДАЖУ (СГ)";30.04.25;13960;"ТСЦ 8048";"LAND ROVER";"RANGE ROVER EVOQUE";"SALVV2BG8CH659245";2012;"СІРИЙ";"ЛЕГКОВИЙ";"УНІВЕРСАЛ";"ЗАГАЛЬНИЙ";"БЕНЗИН";1999;1885;2350;"КА9906РЕ"
"P";"5110136900";"317";"ПЕРЕРЕЄСТРАЦІЯ ТЗ НА НОВ. ВЛАСН. ПО ДОГОВОРУ ДАРУВАННЯ УКЛАДЕНОМУ В ТСЦ";30.04.25;13747;"ТСЦ 5152";"BMW";"X6";"5UXKU2C5XG0N83900";2016;"ЧОРНИЙ";"ЛЕГКОВИЙ";"УНІВЕРСАЛ";"ЗАГАЛЬНИЙ";"БЕНЗИН";2979;2232;2735;"ОО1698АВ"
"P";"1821485601";"314";"ПЕРЕРЕЄСТРАЦІЯ ТЗ ІЗ УКЛАДАННЯМ ДОГОВОРУ КУПІВЛІ-ПРОДАЖУ ЧЕРЕЗ ЕЛЕКТРОННІ СЕРВІСИ ТА ЗОВНІШНІ РЕСУРСИ";30.04.25;12284;"ТСЦ 3245";"NISSAN";"MICRA";"SJNFCAK12U3182286";2009;"ЧОРНИЙ";"ЛЕГКОВИЙ";"ХЕТЧБЕК";"ЗАГАЛЬНИЙ";"БЕНЗИН";1386;1149;1550;"АІ7055РК"
"J";"8036100000";"329";"ПЕРЕРЕЄСТРАЦІЯ ТЗ НА НОВОГО ВЛАСНИКА ЗА ДОГОВОРОМ ФІНАНСОВОГО ЛІЗИНГУ ТА ДКП ПРЕДМЕТА ЛІЗИНГУ";30.04.25;12293;"ТСЦ 8044";"RENAULT";"LOGAN";"VF1L5220866176631";2020;"БІЛИЙ";"ЛЕГКОВИЙ";"СЕДАН";"ЗАГАЛЬНИЙ";"БЕНЗИН АБО ГАЗ";999;1086;1491;"КА8386ВТ"
"P";"1210100000";"70";"РЕЄСТРАЦIЯ Б/В ТЗ ПРИВЕЗЕНОГО З-ЗА КОРДОНУ ПО ВМД";30.04.25;13648;"ТСЦ 1249";"INFINITI";"QX50";"3PCAJ5M31KF124706";2018;"СИНІЙ";"ЛЕГКОВИЙ";"УНІВЕРСАЛ";"ЗАГАЛЬНИЙ";"БЕНЗИН";1997;1907;2297;"КЕ9476АВ"
"J";"8036600000";"430";"ПЕРЕРЕЄСТРАЦІЯ ПРИ ЗАМІНІ СВІДОЦТВА ПРО РЕЄСТРАЦІЮ";30.04.25;12295;"ТСЦ 8046";"MERCEDES-BENZ";"SPRINTER 316 CDI";"W1V9071332N099196";2020;"БІЛИЙ";"ВАНТАЖНИЙ";"ФУРГОН РЕФРИЖЕРАТОР";"СПЕЦІАЛІЗОВАНИЙ";"ДИЗЕЛЬНЕ ПАЛИВО";2143;2320;3500;"КА3944РВ"
"P";"8038000000";"315";"ПЕРЕРЕЄСТРАЦІЯ ТЗ НА НОВ. ВЛАСН. ПО ДОГОВОРУ УКЛАДЕНОМУ В ТСЦ";30.04.25;12296;"ТСЦ 8047";"NISSAN";"X-TRAIL";"JN1TCAT32U0123902";2019;"БІЛИЙ";"ЛЕГКОВИЙ";"УНІВЕРСАЛ";"ЗАГАЛЬНИЙ";"ДИЗЕЛЬНЕ ПАЛИВО";1598;1714;2120;"КА9257РЕ"
"P";"2121555301";"308";"ПЕРЕРЕЄСТРАЦІЯ НА НОВОГО ВЛАСНИКА ЗА ДОГ. КУПIВЛI-ПРОДАЖУ (СГ)";30.04.25;12262;"ТСЦ 2142";"SKODA";"OCTAVIA";"TMBHE61ZX72150751";2007;"ЧОРНИЙ";"ЛЕГКОВИЙ";"УНІВЕРСАЛ";"ЗАГАЛЬНИЙ";"ДИЗЕЛЬНЕ ПАЛИВО";1968;1425;2010;"АО5640ІЕ"
